date,open,high,low,close,volume,change_percent,avg_vol_20d
2009/06/29,83.39,84.07,83.39,84.07,0,,
2009/06/30,84.13,84.13,83.19,83.19,0,,
2009/07/01,83.56,83.92,83.56,83.92,0,,
2009/07/02,83.61,83.61,82.42,82.42,0,,
2009/07/03,82.5,82.5,82.27,82.27,0,,
2009/07/06,81.86,81.86,81.79,81.79,0,,
2009/07/07,82.04,82.04,81.24,81.24,0,,
2009/07/08,81.24,81.24,80.53,80.53,5000,,
2009/07/09,80.81,80.81,80.63,80.63,0,,
2009/07/10,80.62,80.62,80.05,80.05,0,,
2009/07/13,79.73,81.33,79.73,81.33,0,,
2009/07/14,81.76,82.44,81.76,82.44,0,,
2009/07/15,82.66,83.8,82.66,83.8,0,,
2009/07/16,83.82,84.15,83.82,84.15,0,,
2009/07/17,84.62,84.62,84.57,84.57,0,,
2009/07/20,84.94,85.15,84.94,85.15,58,,
2009/07/21,85.52,85.81,85.52,85.81,0,,
2009/07/22,86.03,86.11,86.03,86.11,0,,
2009/07/23,86.2,87.7,86.2,87.6,5000,,
2009/07/24,87.49,88.23,87.49,87.71,5000,,
2009/07/27,88.3,88.39,88.19,88.19,5000,,
2009/07/28,88.27,88.27,87.79,87.79,0,,
2009/07/29,87.73,88.55,87.73,88.55,10000,,
2009/07/30,89.23,90.35,89.23,90.35,0,,
2009/07/31,89.92,89.92,89.42,89.42,0,,
2009/08/03,89.88,89.88,89.71,89.71,5000,,
2009/08/04,89.89,90.16,89.89,90.16,0,,
2009/08/05,89.94,89.94,89.45,89.45,0,,
2009/08/06,90.15,90.16,90.01,90.01,7784,,
2009/08/07,91.7,91.7,91.7,91.7,0,,
2009/08/10,91.56,91.56,91.56,91.56,0,,
2009/08/11,91.45,91.59,90.18,90.18,5000,,
2009/08/12,90.14,90.93,90.14,90.93,0,,
2009/08/13,91.01,91.18,91.01,91.18,0,,
2009/08/14,91.57,91.57,90.42,90.54,5000,,
2009/08/17,90.19,90.19,89.47,89.47,7158,,
2009/08/18,89.79,90.07,89.74,90.07,5000,,
2009/08/19,89.58,89.59,89.58,89.59,0,,
2009/08/20,90.82,90.84,90.82,90.84,0,,
2009/08/21,90.51,92.35,90.51,92.35,10000,,
2009/08/24,92.81,93.06,92.81,93.06,0,,
2009/08/25,92.66,93.16,92.66,93.16,13,,
2009/08/26,92.89,92.91,92.89,92.91,0,,
2009/08/27,92.74,92.74,92.31,92.31,0,,
2009/08/28,92.9,92.91,92.9,92.91,0,,
2009/08/31,92.56,92.56,91.98,91.98,0,,
2009/09/01,92.55,92.55,91.2,91.2,0,,
2009/09/02,91.02,91.02,90.8,90.8,0,,
2009/09/03,90.8,90.8,90.63,90.63,0,,
2009/09/04,90.99,91.72,90.99,91.72,0,,
2009/09/07,91.99,92.68,91.99,92.68,0,,
2009/09/08,92.67,92.67,92.14,92.14,5000,,
2009/09/09,91.8,92.65,91.8,92.65,0,,
2009/09/10,93.04,93.04,92.38,92.88,5000,,
2009/09/11,93.18,93.67,93.18,93.58,5000,,
2009/09/14,92.62,92.93,92.62,92.93,0,,
2009/09/15,93.1,93.27,93.1,93.27,0,,
2009/09/16,93.52,94.16,93.52,94.16,5000,,
2009/09/17,94.7,94.97,94.7,94.97,0,,
2009/09/18,94.3,94.3,94.3,94.3,0,,
2009/09/21,94.03,94.03,93.97,93.97,0,,
2009/09/22,94.31,94.31,94.13,94.13,10,,
2009/09/23,94.3,94.33,94.3,94.33,0,,
2009/09/24,93.86,93.86,92.95,92.95,0,,
2009/09/25,93.21,93.21,92.8,92.8,2,,
2009/09/28,92.87,94.21,92.87,94.21,2,,
2009/09/29,94.18,94.27,94.18,94.27,2,,
2009/09/30,94.35,94.35,93.59,93.59,2,,
2009/10/01,85.56,94.19,92.54,92.54,6001,,
2009/10/02,91.71,91.71,90.83,90.83,2,,
2009/10/05,90.84,91.35,90.84,91.35,2,,
2009/10/06,91.71,93.06,91.71,93.06,2,,
2009/10/07,93.08,93.08,93.05,93.05,2,,
2009/10/08,94.19,94.19,94.19,94.19,1,,
2009/10/09,94.11,94.11,94.07,94.07,2,,
2009/10/12,94.51,94.7,94.51,94.7,2,,
2009/10/13,94.44,94.44,93.93,93.93,2,,
2009/10/14,94.68,95.14,94.68,95.1,202,,
2009/10/15,95.35,95.35,94.96,94.96,2,,
2009/10/16,94.5,94.5,94.5,94.5,1,,
2009/10/19,94.97,95.63,94.97,95.63,0,,
2009/10/20,95.79,95.79,95.09,95.09,0,,
2009/10/21,95.48,95.48,94.92,95.45,10,,
2009/10/22,93.99,94.14,93.99,94.14,0,,
2009/10/23,94.87,94.87,93.78,93.78,0,,
2009/10/26,94.08,94.08,93.33,93.33,10047,,
2009/10/27,93.16,93.48,93.16,93.48,0,,
2009/10/28,92.91,92.91,91.91,91.91,10,,
2009/10/29,91.6,92.79,91.6,92.79,0,,
2009/10/30,92.83,92.83,91.42,91.42,0,,
2009/11/02,91.28,91.5,91.28,91.5,12,,
2009/11/03,91.24,91.31,91.24,91.31,35,,
2009/11/04,91.93,92.27,91.93,92.27,0,,
2009/11/05,91.32,92.57,91.32,92.57,0,,
2009/11/06,92.62,92.83,92.62,92.83,0,,
2009/11/09,93.27,94.04,93.27,94.04,66,,
2009/11/10,94.31,94.44,94.31,94.44,0,,
2009/11/11,94.77,94.85,94.77,94.85,0,,
2009/11/12,94.44,94.71,94.44,94.71,0,,
2009/11/13,94.69,95.12,94.69,95.11,3816,,
2009/11/16,95.29,96.09,95.29,96.09,0,,
2009/11/17,95.71,96.04,95.71,96.04,0,,
2009/11/18,96.13,96.13,95.48,95.48,0,,
2009/11/19,95.52,95.52,94.23,94.23,0,,
2009/11/20,94.48,94.48,93.96,93.96,0,,
2009/11/23,94.59,95.36,94.59,95.36,0,,
2009/11/24,94.73,94.73,94.67,94.67,0,,
2009/11/25,95.32,95.32,94.99,94.99,0,,
2009/11/26,94.27,94.27,92.95,92.95,0,,
2009/11/27,92.09,93.72,92.09,93.72,0,,
2009/11/30,93.91,93.91,93.19,93.19,113,,
2009/12/01,94.07,94.85,94.07,94.85,0,,
2009/12/02,95.27,95.27,95.27,95.27,1,,
2009/12/03,95.74,95.74,95.06,95.06,0,,
2009/12/04,94.7,96.08,94.7,96.08,0,,
2009/12/07,95.8,96.2,95.8,96.2,0,,
2009/12/08,96.01,96.01,95.49,95.49,0,,
2009/12/09,95.44,95.44,95.02,95.02,0,,
2009/12/10,95.33,95.97,95.33,95.97,0,,
2009/12/11,96.38,96.63,96.38,96.63,0,,
2009/12/14,97.15,97.21,97,97.21,82,,
2009/12/15,97.5,97.6,97.5,97.6,0,,
2009/12/16,97.6,98.14,97.6,98.14,0,,
2009/12/17,98.04,98.04,97.64,97.77,2680,,
2009/12/18,97.87,97.87,97.59,97.59,0,,
2009/12/21,98.05,99.01,98.05,99.01,0,,
2009/12/22,99.06,99.53,99.06,99.53,0,,
2009/12/23,99.93,99.93,99.54,99.54,0,,
2009/12/24,,,,99.54,,,
2009/12/28,99.86,101.05,99.86,100.3,4850,,
2009/12/29,99.99,100.17,99.99,100.17,0,,
2009/12/30,99.83,99.93,99.83,99.93,0,,
2010/01/04,100.46,100.93,100.46,100.93,0,,
2010/01/05,100.9,101.19,100.9,101.19,0,,
2010/01/06,101.64,101.64,101.45,101.51,4800,,
2010/01/07,101.33,101.75,101.33,101.75,0,,
2010/01/08,102.15,102.3,101.93,101.93,9,,
2010/01/11,102.01,102.01,101.38,101.38,0,,
2010/01/12,101.71,101.71,100.89,100.89,0,,
2010/01/13,100.83,101.15,100.83,101.15,0,,
2010/01/14,101.72,102.03,101.72,102.03,0,,
2010/01/15,102.47,102.47,101.5,101.5,0,,
2010/01/18,101.9,102.07,101.9,102.07,0,,
2010/01/19,101.78,102.99,101.78,102.99,0,,
2010/01/20,102.94,102.94,102.22,102.22,0,,
2010/01/21,103.01,103.01,101.32,101.32,0,,
2010/01/22,100.81,100.81,100.21,100.21,0,,
2010/01/25,99.61,99.94,99.05,99.05,4719,,
2010/01/26,98.69,99.79,98.69,99.79,0,,
2010/01/27,98.87,99.21,98.87,98.91,165,,
2010/01/28,100.14,100.26,98.35,98.35,500,,
2010/01/29,98.86,99.41,98.47,99.41,4659,,
2010/02/01,98.52,99.42,98.52,99.32,1950,,
2010/02/02,99.55,100.2,99.55,100.2,134,,
2010/02/03,100.51,100.51,100.04,100.04,318,,
2010/02/04,100.2,100.2,98.4,98.4,300,,
2010/02/05,98.32,98.32,97.56,97.56,9,,
2010/02/08,98.15,98.31,98.14,98.14,166,,
2010/02/09,97.9,98.37,97.9,98.28,318,,
2010/02/10,98.14,98.76,98.14,98.29,739,,
2010/02/11,98.68,99.31,98.68,99.31,0,,
2010/02/12,99.99,100.08,99.06,99.06,365,,
2010/02/15,99.82,99.82,99.82,99.82,1,,
2010/02/16,100.43,100.54,100.19,100.19,3419,,
2010/02/17,100.92,101.76,100.92,101.76,0,,
2010/02/18,101.96,102.35,101.96,102.35,0,,
2010/02/19,101.83,103.04,101.83,103.04,616,,
2010/02/22,102.82,102.87,102.55,102.55,20,,
2010/02/23,102.71,102.71,101.95,101.95,0,,
2010/02/24,102.06,102.16,101.82,102.16,1154,,
2010/02/25,102,102,100.94,100.98,2206,,
2010/02/26,101.95,101.99,101.73,101.73,573,,
2010/03/01,102.7,103.6,102.7,103.6,0,,
2010/03/02,103.48,104.21,103.48,104.21,1000,,
2010/03/03,103.62,103.82,103.62,103.82,0,,
2010/03/04,103.34,104.19,103.34,104.19,0,,
2010/03/05,104.57,105.47,104.57,105.47,0,,
2010/03/08,105.45,105.67,105.45,105.67,13,,
2010/03/09,105.6,106.13,105.6,106.13,0,,
2010/03/10,105.96,106.12,105.91,106.12,600,,
2010/03/11,105.88,106.12,105.78,105.78,4285,,
2010/03/12,106.05,106.05,105.77,105.77,401,,
2010/03/15,105.78,105.78,105.73,105.73,0,,
2010/03/16,106.24,106.3,106.24,106.3,0,,
2010/03/17,106.7,107.32,106.7,107.32,1,,
2010/03/18,107.43,107.78,107.43,107.68,428,,
2010/03/19,108,108,107.81,107.81,0,,
2010/03/22,107.46,107.82,107.46,107.82,0,,
2010/03/23,108.32,108.6,108.32,108.6,0,,
2010/03/24,109.46,109.76,109.46,109.58,4017,,
2010/03/25,109.78,110.43,109.78,110.43,0,,
2010/03/26,109.9,109.9,109.29,109.29,1937,,
2010/03/29,109.62,109.62,109.54,109.54,362,,
2010/03/30,109.61,109.92,109.61,109.78,1275,,
2010/03/31,109.6,109.6,109,109.14,12,,
2010/04/01,109.77,110.44,109.77,110.07,1487,,
2010/04/06,111.37,111.84,111.37,111.84,460,,
2010/04/07,112.04,112.04,111.7,111.7,683,,
2010/04/08,111.38,111.38,110.91,111.12,32,,
2010/04/09,111.68,111.79,111.51,111.51,1235,,
2010/04/12,110.98,111.12,110.98,111.12,0,,
2010/04/13,110.65,110.67,110.65,110.67,0,,
2010/04/14,111.15,111.47,111.15,111.33,2779,,
2010/04/15,111.86,112.54,111.86,112.54,710,,
2010/04/16,112.06,112.55,111.03,111.03,200,,
2010/04/19,110.71,110.71,110.59,110.59,39,,
2010/04/20,111.44,112.27,111.44,112.27,5425,,
2010/04/21,112.87,112.87,112.24,112.24,0,,
2010/04/22,111.95,111.95,111.65,111.65,0,,
2010/04/23,112.38,112.38,112.38,112.38,1,,
2010/04/26,113.4,113.65,113.4,113.63,3583,,
2010/04/27,112.78,112.78,111.3,111.3,33,,
2010/04/28,111.35,111.71,111.03,111.03,1581,,
2010/04/29,111.46,112.48,111.46,112.48,2784,,
2010/04/30,112.18,112.54,111.62,111.62,3560,,
2010/05/03,111.31,111.99,111.31,111.99,15,,
2010/05/04,112.26,112.26,110.12,110.23,48,,
2010/05/05,110.83,110.83,110.57,110.57,0,,
2010/05/06,110.6,111.54,110.13,110.13,38,,
2010/05/07,108.29,108.29,106.67,106.67,1000,,
2010/05/10,109.15,111.04,109.15,111.04,8249,,
2010/05/11,110.18,111.55,110.18,111.55,1000,,
2010/05/12,110.96,112.66,110.96,112.66,0,,
2010/05/13,113.46,113.85,113.43,113.43,30,,
2010/05/14,112.71,112.71,111.14,111.16,5015,,
2010/05/17,111.41,112.33,111.18,111.18,34,,
2010/05/18,111.69,111.83,111.69,111.83,0,,
2010/05/19,111.08,111.08,108.96,108.96,8521,,
2010/05/20,108.82,109.03,106.1,106.65,7843,,
2010/05/21,104.86,105.5,103.11,105.5,4595,,
2010/05/24,106.34,106.55,106.34,106.55,5,,
2010/05/25,103.92,104.3,103.81,104.3,7,,
2010/05/26,105.76,107.21,105.76,107.21,40,,
2010/05/27,108.4,108.4,108.4,108.4,0,,
2010/05/28,109.01,109.01,108.38,108.38,60,,
2010/05/31,108.73,108.73,108.59,108.59,251,,
2010/06/01,108.35,108.56,107.62,108.56,2000,,
2010/06/02,107.73,108.55,107.73,108.55,0,,
2010/06/03,109.83,110.38,109.83,110.38,0,,
2010/06/04,111.11,111.11,109.4,109.52,8175,,
2010/06/07,108.35,109.01,108.25,108.58,6066,,
2010/06/08,108.29,108.29,107.11,107.31,2500,,
2010/06/09,108.3,109,108.3,109,0,,
2010/06/10,108.19,109.26,108.19,109.26,29131,,
2010/06/11,109.9,110,109.38,109.77,23200,,
2010/06/14,110.8,110.8,110.57,110.57,18,,
2010/06/15,110.29,110.53,110.29,110.53,0,,
2010/06/16,111.18,111.4,110.91,111.4,1044,,
2010/06/17,111.37,111.37,110.94,110.94,0,,
2010/06/18,111.59,111.59,111.59,111.59,0,,
2010/06/21,112.62,112.77,112.49,112.49,35,,
2010/06/22,112.02,112.1,112.02,112.1,0,,
2010/06/23,110.75,110.75,110.45,110.45,0,,
2010/06/24,110.29,110.29,108.39,108.39,2169,,
2010/06/25,108.52,108.62,108.08,108.08,213,,
2010/06/28,108.41,108.87,108.41,108.87,4,,
2010/06/29,108.02,108.02,106.28,106.28,10000,,
2010/06/30,106.1,106.1,105.56,105.56,0,,
2010/07/01,104.43,104.43,101.9,101.9,1010,,
2010/07/02,102.78,102.78,101.66,101.66,95,,
2010/07/05,102.25,102.25,101.66,101.66,5,,
2010/07/06,102.05,103.47,102.05,103.47,0,,
2010/07/07,102.56,104.47,102.52,104.47,8000,,
2010/07/08,105.34,105.46,105.34,105.46,0,,
2010/07/09,105.82,106.44,105.82,106.44,11800,,
2010/07/12,106.62,107.03,106.62,107.03,4000,,
2010/07/13,107.29,108.57,107.29,108.13,2105,,
2010/07/14,108.54,108.67,107.71,108.04,20800,,
2010/07/15,107.69,107.69,105.85,105.85,0,,
2010/07/16,106.38,106.52,104.35,104.35,2728,,
2010/07/19,104.03,104.03,103.34,103.34,0,,
2010/07/20,103.81,103.89,103,103.89,70,,
2010/07/21,105.76,105.92,105.57,105.57,8000,,
2010/07/22,105.09,106.76,105,106.76,1900,,
2010/07/23,106.6,107.21,106.6,107.21,0,,
2010/07/26,107.35,107.58,107.01,107.58,38,,
2010/07/27,107.72,107.72,107.66,107.66,0,,
2010/07/28,107.93,107.93,107.23,107.3,16,,
2010/07/29,107.53,107.53,106.33,106.33,0,,
2010/07/30,106.38,106.47,106.38,106.47,0,,
2010/08/02,106.94,108.31,106.94,108.31,0,,
2010/08/03,107.93,107.93,107.91,107.91,0,,
2010/08/04,107.55,108.41,107.55,108.39,5305,,
2010/08/05,108.65,108.65,108.13,108.13,300,,
2010/08/06,108.48,108.48,106.39,106.39,0,,
2010/08/09,107.65,108.15,107.65,108.15,0,,
2010/08/10,107.98,107.98,107.9,107.9,0,,
2010/08/11,107.54,107.54,106.66,106.66,10,,
2010/08/12,106.27,106.61,106.27,106.46,10,,
2010/08/13,107.07,107.07,106.83,106.83,351,,
2010/08/16,106.88,106.88,106.23,106.49,19506,,
2010/08/17,106.95,107.88,106.95,107.88,1000,,
2010/08/18,107.7,107.7,107.37,107.57,2800,,
2010/08/19,108.29,108.29,106.22,106.22,5000,,
2010/08/20,106.59,106.59,106.38,106.38,0,,
2010/08/23,106.73,106.97,106.73,106.97,0,,
2010/08/24,106.27,106.27,105.48,105.48,0,,
2010/08/25,105.14,105.14,104.7,104.7,0,,
2010/08/26,105.21,105.35,105.18,105.35,2165,,
2010/08/27,105.08,105.71,105.08,105.71,0,,
2010/08/30,106.66,106.66,106.04,106.04,15,,
2010/08/31,104.87,105.52,104.87,105.52,2870,,
2010/09/01,106.03,107.79,105.68,107.79,580,,
2010/09/02,107.5,108.04,107.5,107.87,4000,,
2010/09/03,108.2,109.2,108.2,108.83,6274,,
2010/09/06,109.16,109.3,109.16,109.28,3000,,
2010/09/07,109.47,109.51,109.26,109.51,5017,,
2010/09/08,109.25,110.11,109.25,110.11,0,,
2010/09/09,110.12,111.08,110.12,111.08,10000,,
2010/09/10,110.72,110.8,110.5,110.76,5010,,
2010/09/13,111.35,111.35,111.23,111.23,2500,,
2010/09/14,111.12,111.13,110.67,110.74,519,,
2010/09/15,110.51,110.51,110.15,110.15,921,,
2010/09/16,110.11,110.11,109.41,109.41,1000,,
2010/09/17,110.13,110.13,109.73,109.73,0,,
2010/09/20,109.8,110.92,109.8,110.92,20,,
2010/09/21,110.89,110.89,110.37,110.37,170,,
2010/09/22,109.61,109.61,108.2,108.2,25780,,
2010/09/23,108.67,108.67,107.31,108.52,23124,,
2010/09/24,108.02,108.62,108.02,108.62,288,,
2010/09/27,109.09,109.09,108.61,108.61,0,,
2010/09/28,108.67,108.67,107.99,108.18,17015,,
2010/09/29,108.24,108.24,107.74,107.74,0,,
2010/09/30,107.65,107.65,107.31,107.35,2005,,
2010/10/01,107.25,107.25,106.58,106.58,0,,
2010/10/04,106.67,106.67,106.31,106.31,0,,
2010/10/05,106.35,107.21,106.35,107.21,217,,
2010/10/06,107.84,108,107.57,107.57,475,,
2010/10/07,107.22,107.36,107.22,107.36,0,,
2010/10/08,107.27,107.68,107.27,107.68,150,,
2010/10/11,107.75,108.13,107.75,108.13,0,,
2010/10/12,107.61,108.07,107.61,108.07,15,,
2010/10/13,107.75,108.32,107.75,108.32,14,,
2010/10/14,108.61,108.64,108.08,108.08,368,,
2010/10/15,108.14,108.25,108.14,108.25,0,,
2010/10/18,108.66,108.85,108.66,108.85,0,,
2010/10/19,108.91,109.09,108.91,109.09,0,,
2010/10/20,108.77,108.92,108.66,108.66,1600,,
2010/10/21,108.3,108.95,108.3,108.95,0,,
2010/10/22,108.97,109.01,108.95,108.95,4000,,
2010/10/25,109.06,109.34,109.06,109.34,2124,,
2010/10/26,109.14,109.46,109.14,109.46,4272,,
2010/10/27,109.3,109.3,108.77,108.81,505,,
2010/10/28,109.35,109.78,108.82,108.82,485,,
2010/10/29,108.84,108.95,108.84,108.95,0,,
2010/11/01,109.26,109.57,109.26,109.57,5000,,
2010/11/02,109.3,109.37,109.16,109.16,5,,
2010/11/03,109.45,109.5,108.98,108.98,13000,,
2010/11/04,109.46,110.18,109.46,110.18,4000,,
2010/11/05,110.77,111.79,110.77,111.79,1335,,
2010/11/08,112.21,112.28,112.21,112.28,10,,
2010/11/09,112.72,113.06,112.72,113.06,0,,
2010/11/10,112.93,112.93,112.77,112.77,6941,,
2010/11/11,112.95,113.05,112.95,113.05,11,,
2010/11/12,112.35,112.45,112.21,112.21,15,,
2010/11/15,112.13,113.3,112.13,113.26,9278,,
2010/11/16,112.29,112.29,111.1,111.1,0,,
2010/11/17,111.26,111.75,111.26,111.67,6732,,
2010/11/18,112.22,112.98,112.22,112.98,0,,
2010/11/19,112.5,112.5,112.31,112.31,0,,
2010/11/22,112.68,112.68,112.08,112.08,268,,
2010/11/23,111.64,111.77,111.6,111.6,12224,,
2010/11/24,112.28,113.43,112.28,113.43,21,,
2010/11/25,113.64,113.82,113.64,113.82,900,,
2010/11/26,113.77,113.9,113.77,113.77,114,,
2010/11/29,113.99,113.99,113.28,113.28,260,,
2010/11/30,113.95,114.18,113.8,113.8,15,,
2010/12/01,114.48,115.71,114.48,115.71,8,,
2010/12/02,115.72,116.43,115.72,116.43,23,,
2010/12/03,116.66,116.7,115.43,115.43,25100,,
2010/12/06,116.03,116.45,116.03,116.45,0,,
2010/12/07,116.55,116.87,116.55,116.87,5,,
2010/12/08,116.72,117.16,116.72,117.01,30,,
2010/12/09,117.58,117.58,117.58,117.58,0,,
2010/12/10,117.7,117.9,117.7,117.87,25,,
2010/12/13,118.5,118.58,117.79,117.79,2562,,
2010/12/14,117.33,118.02,117.33,118.02,0,,
2010/12/15,117.8,117.94,117.8,117.94,0,,
2010/12/16,118.18,118.63,118.18,118.63,0,,
2010/12/17,118.06,118.79,118.06,118.79,0,,
2010/12/20,118.69,119.33,118.69,119.33,90,,
2010/12/21,119.79,120.44,119.79,120.31,123,,
2010/12/22,120.41,120.9,120.41,120.9,1500,,
2010/12/23,120.92,120.92,120.8,120.8,0,,
2010/12/24,,,,120.8,,,
2010/12/27,120.36,120.36,119.95,120.01,547,,
2010/12/28,120.23,120.79,120.2,120.79,74,,
2010/12/29,121.02,121.15,121,121,36,,
2010/12/30,120.6,120.6,119.53,119.53,4,,
2010/12/31,,,,119.53,,,
2011/01/03,120.43,120.71,120.34,120.43,11760,,
2011/01/04,120.19,120.29,120.13,120.29,677,,
2011/01/05,120.57,121.66,120.36,121.66,1016,,
2011/01/06,122.18,122.66,122.18,122.62,96,,
2011/01/07,122.8,122.8,122.69,122.69,0,,
2011/01/10,122.94,122.94,122.18,122.18,15490,,
2011/01/11,122.92,123.25,122.92,123.25,7376,,
2011/01/12,123.29,124.05,123.29,123.84,1906,,
2011/01/13,123.45,123.54,121.76,121.76,3200,,
2011/01/14,121.3,121.43,121,121.43,17010,,
2011/01/17,122.16,122.31,122.16,122.31,0,,
2011/01/18,122.27,122.27,122.12,122.12,0,,
2011/01/19,122.24,122.24,120.83,120.83,0,,
2011/01/20,120.58,120.58,119.57,119.57,2497,,
2011/01/21,119.15,120.18,119.15,119.61,150,,
2011/01/24,119.69,119.69,119.08,119.33,19607,,
2011/01/25,119.76,119.76,119.08,119.08,5470,,
2011/01/26,119.55,119.73,119.55,119.73,0,,
2011/01/27,119.71,119.78,119.54,119.58,7510,,
2011/01/28,119.51,119.85,119.13,119.13,1215,,
2011/01/31,118.76,118.76,118.35,118.7,2276,,
2011/02/01,119.1,119.94,119.1,119.86,2217,,
2011/02/02,120.06,120.24,120.06,120.24,3800,,
2011/02/03,120.2,121.03,120.2,121.03,0,,
2011/02/04,121.77,121.9,121.77,121.9,0,,
2011/02/07,122.1,123.29,122.1,123.29,4,,
2011/02/08,122.54,122.54,122.39,122.39,50,,
2011/02/09,122.44,122.44,121.95,121.95,0,,
2011/02/10,121.88,122.44,121.88,122.44,3260,,
2011/02/11,122.29,123.28,122.22,123.28,117,,
2011/02/14,123.89,124.23,123.89,124.23,0,,
2011/02/15,124.05,124.06,123.74,124.06,14500,,
2011/02/16,124.04,124.33,124.04,124.33,20359,,
2011/02/17,124.38,124.43,124,124.43,20,,
2011/02/18,124.78,124.78,124.37,124.37,80,,
2011/02/21,124.03,124.13,123,123,6460,,
2011/02/22,123.09,123.09,122.51,122.52,1300,,
2011/02/23,121.55,121.55,120.35,120.35,0,,
2011/02/24,119.69,120.04,119.69,120.04,6,,
2011/02/25,120.18,121.53,120.18,121.36,2134,,
2011/02/28,121.42,122.9,121.27,122.01,3050,,
2011/03/01,122.73,122.75,121.43,121.43,513,,
2011/03/02,120.45,120.53,119.9,120.26,18795,,
2011/03/03,120.75,121.38,120.75,120.86,4030,,
2011/03/04,121.04,121.04,120.29,120.29,0,,
2011/03/07,119.3,119.3,119.3,119.3,0,,
2011/03/08,120.09,120.41,119.93,120.41,39,,
2011/03/09,120.3,120.3,119.83,119.83,0,,
2011/03/10,119.47,119.47,118.93,118.93,0,,
2011/03/11,117.47,117.94,117.4,117.93,656,,
2011/03/14,116.58,116.58,115.15,115.18,7093,,
2011/03/15,113.6,113.69,111.95,113.69,5015,,
2011/03/16,114.4,114.4,112.65,112.65,8544,,
2011/03/17,113.44,113.9,113.44,113.9,0,,
2011/03/18,114.04,114.04,113.68,113.68,0,,
2011/03/21,114.95,115.49,114.95,115.3,3540,,
2011/03/22,115.2,115.36,114.88,115.18,484,,
2011/03/23,114.88,115.69,114.88,115.69,500,,
2011/03/24,115.86,116.47,115.86,116.39,1510,,
2011/03/25,116.97,117.46,116.97,117.46,0,,
2011/03/28,117.43,117.56,117.17,117.17,8,,
2011/03/29,117.03,117.18,116.6,117.18,13500,,
2011/03/30,118.34,118.46,118.17,118.28,14041,,
2011/03/31,118.13,118.13,117.41,117.41,500,,
2011/04/01,117.83,118.79,117.78,118.62,2596,,
2011/04/04,118.09,118.24,118.08,118.16,13079,,
2011/04/05,118.08,118.24,118.08,118.15,331,,
2011/04/06,117.78,117.78,117.47,117.47,0,,
2011/04/07,117.79,118.2,117.14,117.14,502,,
2011/04/08,117.51,117.51,117.14,117.14,0,,
2011/04/11,117.01,117.01,116.95,116.95,0,,
2011/04/12,116.02,116.02,115,115.06,2010,,
2011/04/13,115.3,115.58,115.3,115.58,1527,,
2011/04/14,115.16,115.16,115.02,115.09,3500,,
2011/04/15,115.34,115.83,115.18,115.83,195,,
2011/04/18,116.28,116.28,115.27,115.27,3,,
2011/04/19,115.56,115.56,115.29,115.29,0,,
2011/04/20,116.05,116.49,116.05,116.49,30,,
2011/04/21,116.45,116.62,116.45,116.62,0,,
2011/04/26,117.06,117.06,117.06,117.06,0,,
2011/04/27,116.78,116.81,116.67,116.67,14,,
2011/04/28,116.66,116.9,116.66,116.9,0,,
2011/04/29,116.67,117.12,116.67,117.12,0,,
2011/05/02,118.1,118.33,117.28,117.28,325,,
2011/05/03,117.28,117.28,116.6,116.6,20,,
2011/05/04,116.18,116.18,115,115.1,25,,
2011/05/05,115.46,116.19,115.46,116.19,0,,
2011/05/06,116.51,118.06,114.3,118.06,195,,
2011/05/09,117.92,118.66,117.92,118.66,21,,
2011/05/10,118.63,119.06,118.63,119.06,170,,
2011/05/11,119.27,119.43,119.27,119.43,0,,
2011/05/12,118.58,118.87,118.52,118.87,9518,,
2011/05/13,119.28,119.28,118.89,118.89,0,,
2011/05/16,118.39,118.52,118.12,118.52,1025,,
2011/05/17,118.11,118.11,117.25,117.25,21,,
2011/05/18,117.82,117.82,117.52,117.72,11091,,
2011/05/19,118.34,119.03,118.12,118.12,1018,,
2011/05/20,118.23,118.52,118.1,118.1,4805,,
2011/05/23,117.41,117.41,117.41,117.41,0,,
2011/05/24,116.79,117.28,116.79,117.28,0,,
2011/05/25,116.94,117.71,116.94,117.71,0,,
2011/05/26,117.68,117.8,117.68,117.76,6,,
2011/05/27,117.94,118,117.82,118,179,,
2011/05/30,117.81,118.03,117.81,118.03,5101,,
2011/05/31,118.07,118.13,118.07,118.11,4414,,
2011/06/01,118.09,118.15,116.85,116.85,3505,,
2011/06/02,115.96,115.96,115.07,115.07,0,,
2011/06/03,114.95,114.95,113.9,113.96,3551,,
2011/06/06,113.13,113.13,113.13,113.13,0,,
2011/06/07,112.8,112.97,112.74,112.74,2009,,
2011/06/08,112.44,112.44,112.04,112.44,2407,,
2011/06/09,112.13,113.54,112.1,113.38,3545,,
2011/06/10,113.29,113.29,112.71,112.71,30,,
2011/06/13,112.88,112.88,112.76,112.76,0,,
2011/06/14,113.24,113.4,113.24,113.4,0,,
2011/06/15,113.83,113.83,113.48,113.48,0,,
2011/06/16,113.26,113.46,113.26,113.46,0,,
2011/06/17,112.89,112.89,112.86,112.86,0,,
2011/06/20,112.17,112.62,112.17,112.62,0,,
2011/06/21,112.97,113.84,112.97,113.84,0,,
2011/06/22,113.65,113.75,113.65,113.75,0,,
2011/06/23,113.61,113.61,112.98,112.98,3,,
2011/06/24,114.06,114.06,113.18,113.26,10500,,
2011/06/27,113.03,113.14,112.79,112.79,1125,,
2011/06/28,113.14,113.32,113.14,113.32,0,,
2011/06/29,114.02,114.16,114.02,114.16,5,,
2011/06/30,114.79,117.17,114.79,115.46,50,,
2011/07/01,115.41,116.4,115.26,116.4,24,,
2011/07/04,116.74,116.92,116.74,116.77,45,,
2011/07/05,116.84,117.09,116.84,117.09,6953,,
2011/07/06,117.58,117.58,117.53,117.53,6388,,
2011/07/07,118.2,119,118.2,118.52,22,,
2011/07/08,118.93,118.93,117.63,118.23,12639,,
2011/07/11,118.39,118.39,118.01,118.01,6258,,
2011/07/12,117.44,117.86,117,117.86,7060,,
2011/07/13,117.77,117.96,117.64,117.96,11222,,
2011/07/14,116.7,116.86,116.7,116.86,0,,
2011/07/15,116.44,116.67,116.44,116.67,650,,
2011/07/18,116.94,116.94,115.67,115.67,170,,
2011/07/19,116.03,116.52,116.03,116.5,481,,
2011/07/20,117.28,117.41,117.28,117.41,0,,
2011/07/21,117.21,117.71,117.21,117.55,4002,,
2011/07/22,118.03,118.03,117.99,117.99,0,,
2011/07/25,117.1,117.71,117.1,117.71,430,,
2011/07/26,117.07,117.07,116.65,116.65,0,,
2011/07/27,116.26,116.26,115.99,115.99,0,,
2011/07/28,115.06,116.22,115.06,116.22,12000,,
2011/07/29,114.78,115.16,113.99,114.68,24023,,
2011/08/01,115.66,115.66,114.07,114.07,33,,
2011/08/02,114.18,114.18,113.08,113.08,155,,
2011/08/03,111.42,111.42,110.41,110.41,0,,
2011/08/04,110.95,110.95,108.24,108.24,3500,,
2011/08/05,105.82,106.43,105.31,105.31,161,,
2011/08/08,103.7,104.65,101.76,102.09,15703,,
2011/08/09,101.19,102.12,98.82,102.07,18515,,
2011/08/10,103.2,103.33,100.33,100.33,17202,,
2011/08/11,101.83,101.91,99.84,101.91,5771,,
2011/08/12,102.49,104.77,102.39,104.66,7511,,
2011/08/15,104.96,105.02,104.29,104.29,4002,,
2011/08/16,104.47,104.8,104.47,104.74,15000,,
2011/08/17,104.51,105.08,104.51,105.08,1015,,
2011/08/18,103.63,103.63,100.85,100.85,12000,,
2011/08/19,100.21,100.5,99.23,99.71,25500,,
2011/08/22,98.91,99.38,98.91,99.38,20,,
2011/08/23,100.47,100.47,100.25,100.25,22911,,
2011/08/24,100.71,101.73,100.47,101.73,1841,,
2011/08/25,102.36,102.36,101.64,101.64,0,,
2011/08/26,101.26,101.42,100.44,101.42,334,,
2011/08/29,102.33,103.11,102.33,103.11,0,,
2011/08/30,103.9,104.32,103.9,104.32,7666,,
2011/08/31,104.85,106.75,104.85,106.07,2753,,
2011/09/01,106.71,107.07,106.32,107.07,10514,,
2011/09/02,105.73,105.73,104.29,104.5,1354,,
2011/09/05,103.21,103.21,101.67,101.67,3500,,
2011/09/06,101.77,102.13,101.12,102.13,7964,,
2011/09/07,103.95,104.96,103.95,104.96,3901,,
2011/09/08,105.1,106.21,105.1,106.21,0,,
2011/09/09,105.98,105.98,104.91,104.91,0,,
2011/09/12,103.3,103.3,102.7,103.28,183,,
2011/09/13,104.55,104.55,103.7,104.29,3500,,
2011/09/14,103.88,105.04,103.88,105.04,0,,
2011/09/15,105.69,106.15,105.69,106.15,3500,,
2011/09/16,107.21,107.34,107.21,107.34,30,,
2011/09/19,106.54,106.54,106.32,106.32,0,,
2011/09/20,106.42,107.38,106.42,107.38,540,,
2011/09/21,107.26,107.26,106.14,106.14,1136,,
2011/09/22,103.52,103.52,102,102.08,7003,,
2011/09/23,102.61,102.61,100.52,102.2,10500,,
2011/09/26,101.52,103.37,101.52,103.09,6333,,
2011/09/27,105.13,106.72,105.13,106.72,270,,
2011/09/28,105.55,105.87,105.14,105.14,3,,
2011/09/29,104.52,105.42,104.52,104.74,33,,
2011/09/30,104.74,104.74,104.15,104.62,1500,,
2011/10/03,102.56,104.02,102.56,104.02,3,,
2011/10/04,101.89,101.89,100.5,100.5,1520,,
2011/10/05,102.43,103.69,102.33,103.69,259,,
2011/10/06,104.42,105.51,104.42,105.51,3500,,
2011/10/07,105.96,106.9,105.77,105.77,1547,,
2011/10/10,106.69,106.9,106.2,106.9,306,,
2011/10/11,107.08,107.41,107.08,107.41,0,,
2011/10/12,107.05,108.18,107.05,108.18,0,,
2011/10/13,107.48,107.48,106.93,107.1,16400,,
2011/10/14,107.36,108.09,107.36,107.83,15251,,
2011/10/17,108.96,109.25,107.97,107.97,99,,
2011/10/18,106.7,107.72,106.7,107.72,0,,
2011/10/19,108.2,108.53,108.15,108.53,7000,,
2011/10/20,107.34,107.34,107.19,107.19,11,,
2011/10/21,107.6,108.75,107.6,108.75,5261,,
2011/10/24,109.3,109.99,109.2,109.99,8152,,
2011/10/25,109.84,110.1,109.05,109.11,12700,,
2011/10/26,108.82,109.05,108.48,108.94,2507,,
2011/10/27,110.89,111.97,110.89,111.2,16511,,
2011/10/28,111.57,111.86,111.57,111.86,0,,
2011/10/31,111.08,111.08,110.75,110.75,194,,
2011/11/01,109.4,109.4,108.34,108.34,0,,
2011/11/02,109.21,109.21,108.8,109.21,20,,
2011/11/03,108.22,110.66,108.22,110.66,23,,
2011/11/04,111.52,111.52,110.07,110.07,24620,,
2011/11/07,109.8,110.1,109.8,110.1,0,,
2011/11/08,110.46,111.14,110.46,111.14,3500,,
2011/11/09,111.62,111.62,110.5,110.59,149,,
2011/11/10,109.23,109.67,109.23,109.57,9100,,
2011/11/11,109.61,112.11,109.61,111.13,33091,,
2011/11/14,111.67,111.9,111.09,111.09,9448,,
2011/11/15,110.97,110.97,110.43,110.89,9119,,
2011/11/16,110.98,111.41,110.73,111.41,2500,,
2011/11/17,110.73,110.73,109.75,109.75,10207,,
2011/11/18,109.02,109.02,108.6,108.6,5202,,
2011/11/21,107.87,107.87,105.6,105.6,5009,,
2011/11/22,106.59,106.59,105.36,105.36,114,,
2011/11/23,104.68,105.5,104.48,104.48,113,,
2011/11/24,104.92,105.17,104.42,104.42,107,,
2011/11/25,104.32,105.64,104.32,105.64,1369,,
2011/11/28,106.22,107.94,106.22,107.94,11207,,
2011/11/29,107.65,108.56,107.65,108.56,11000,,
2011/11/30,107.88,111.55,107.88,111.35,400,,
2011/12/01,111.45,111.69,110.75,111.28,6490,,
2011/12/02,112.4,112.8,112.4,112.8,7128,,
2011/12/05,112.83,113.3,112.74,113.26,15770,,
2011/12/06,112.71,112.83,112.71,112.83,0,,
2011/12/07,113.62,113.62,112.79,112.79,0,,
2011/12/08,113.44,113.87,112.06,112.06,875,,
2011/12/09,111.17,112.57,111.17,112.57,21,,
2011/12/12,112.52,112.52,111.61,111.61,400,,
2011/12/13,112.35,113.16,112.35,113.16,0,,
2011/12/14,112.44,112.44,111.1,111.1,4239,,
2011/12/15,111.1,112,111.05,111.53,4684,,
2011/12/16,112.06,112.06,111.6,111.6,414,,
2011/12/19,110.83,111.72,110.83,110.97,251,,
2011/12/20,110.72,112.67,110.72,112.67,2919,,
2011/12/21,113.26,113.26,112.6,112.6,8316,,
2011/12/22,113.19,113.77,113.19,113.77,3550,,
2011/12/23,114.7,114.93,114.62,114.93,10573,,
2011/12/27,114.81,115,114.81,114.9,18,,
2011/12/28,114.7,115.15,114.41,114.41,29,,
2011/12/29,114.75,115.34,114.75,115.34,8011,,
2011/12/30,115.62,115.62,115.62,115.62,0,,
2012/01/02,116.04,116.84,116.04,116.84,20,,
2012/01/03,117.89,117.89,116.3,117.66,7161,,
2012/01/04,117.26,117.69,117.26,117.69,2002,,
2012/01/05,117.88,118.19,117.46,118.19,11786,,
2012/01/06,118.41,118.93,118.41,118.93,0,,
2012/01/09,118.68,118.68,118.35,118.35,980,,
2012/01/10,119.24,120.1,119.24,119.98,3298,,
2012/01/11,119.88,120.17,119.77,120.17,3677,,
2012/01/12,120.05,120.46,119.17,119.17,29,,
2012/01/13,119.73,119.86,119.67,119.67,12069,,
2012/01/16,119.82,120.73,119.82,120.73,22,,
2012/01/17,121.14,121.18,120.93,120.93,10925,,
2012/01/18,120.4,120.56,120.4,120.52,1250,,
2012/01/19,120.74,121.26,120.74,121.26,3500,,
2012/01/20,120.99,121.21,120.9,120.93,655,,
2012/01/23,121.2,121.28,120.81,120.81,8491,,
2012/01/24,120.4,120.71,120.4,120.71,0,,
2012/01/25,121.1,121.1,120.78,120.78,3500,,
2012/01/26,120.82,121.2,120.82,120.97,9225,,
2012/01/27,120.71,120.71,120.05,120.05,0,,
2012/01/30,119.37,119.56,119.37,119.56,4200,,
2012/01/31,120.01,120.29,120,120.05,42,,
2012/02/01,120.52,121.13,120.52,121.13,90,,
2012/02/02,121.56,121.75,121.46,121.46,2967,,
2012/02/03,121.45,123.32,121.45,123.32,509,,
2012/02/06,122.97,123.35,122.97,123.15,180,,
2012/02/07,123.26,123.26,122.47,122.47,32,,
2012/02/08,122.81,122.81,122.29,122.29,501,,
2012/02/09,122.4,122.7,122.31,122.39,84,,
2012/02/10,121.97,122.04,121.79,122.02,11371,,
2012/02/13,122.52,122.66,122.52,122.66,60,,
2012/02/14,122.85,123.16,122.85,122.96,20,,
2012/02/15,123.83,124.26,123.83,124.26,0,,
2012/02/16,123.49,124.13,123.49,124.13,16,,
2012/02/17,124.36,124.36,124.29,124.29,0,,
2012/02/20,124.69,124.7,124.53,124.53,2959,,
2012/02/21,124.42,124.42,124.1,124.1,104,,
2012/02/22,124.29,124.29,123.61,123.61,6,,
2012/02/23,123.41,123.42,123.41,123.42,7635,,
2012/02/24,123.5,123.5,122.89,122.89,260,,
2012/02/27,122.17,123,122.17,123,0,,
2012/02/28,123.23,123.43,123.06,123.06,27163,,
2012/02/29,123.43,123.76,123.43,123.45,3088,,
2012/03/01,123.24,124.35,123.24,124.35,1518,,
2012/03/02,124.85,125.17,124.85,125.13,74,,
2012/03/05,124.59,124.59,123.97,123.97,6419,,
2012/03/06,123.72,123.72,122.46,122.46,6,,
2012/03/07,122.64,123.12,122.64,123.12,3540,,
2012/03/08,123.65,123.82,123.65,123.82,3934,,
2012/03/09,124.2,125.52,124.2,125.52,0,,
2012/03/12,125.03,125.03,124.66,124.66,0,,
2012/03/13,125.41,126.46,125.41,126.46,798,,
2012/03/14,127.71,127.71,127.56,127.56,0,,
2012/03/15,127.58,127.9,127.58,127.9,2320,,
2012/03/16,127.94,128.21,127.7,127.7,7853,,
2012/03/19,127.55,127.55,127.28,127.28,3398,,
2012/03/20,127.02,127.02,126.43,126.43,473,,
2012/03/21,126.71,126.71,126.12,126.63,556,,
2012/03/22,126.21,126.21,125.77,125.77,2000,,
2012/03/23,125.58,125.58,124.61,125.27,150,,
2012/03/26,125.93,126.3,125.93,126.21,1848,,
2012/03/27,126.89,127,126.37,126.37,900,,
2012/03/28,126.12,126.12,125.6,125.6,0,,
2012/03/29,125.38,125.44,124.48,124.48,6550,,
2012/03/30,125,125.55,125,125.55,5372,,
2012/04/02,125.55,126.64,125.55,126.64,0,,
2012/04/03,126.35,126.53,126.34,125.83,17,,
2012/04/04,126.17,125.7,125.7,125.08,10,,
2012/04/05,124.86,125.75,124.86,125.75,5024,,
2012/04/10,123.27,123.27,123.27,123.27,90,,
2012/04/11,122.78,123.21,123.16,123.28,443,,
2012/04/12,123.53,124.09,123.09,124.08,3062,,
2012/04/13,123.6,123.6,123.6,123.6,3500,,
2012/04/16,123.71,123.88,123.81,123.5,452,,
2012/04/17,123.15,124.28,123.6,124.97,382,,
2012/04/18,125.14,125.14,124.66,124.66,0,,
2012/04/19,125.17,124.94,124.94,124.37,70,,
2012/04/20,123.96,124.08,124.07,124.17,2371,,
2012/04/23,123.33,122.53,122.5,122.38,390,,
2012/04/24,122.82,122.9,122.9,123.09,3326,,
2012/04/25,123.5,124.1,123.5,124.1,0,,
2012/04/26,124.01,124.46,124.01,124.46,190,,
2012/04/27,124.34,125.35,124.32,125.03,427,,
2012/04/30,125.3,125.3,124.59,124.59,70,,
2012/05/02,125.65,125.73,124.75,125.15,138,,
2012/05/03,125.47,125.67,125.24,125.06,104,,
2012/05/04,124.47,124.47,123.24,123.08,205,,
2012/05/07,122.18,123.63,122.18,123.63,0,,
2012/05/08,123.52,123.6,123.58,122.08,182,,
2012/05/09,122.65,122.43,122.22,122.62,3743,,
2012/05/10,122.98,123.2,123.18,123.12,2099,,
2012/05/11,122.38,123.46,122.37,123.46,4266,,
2012/05/14,122.28,121.96,121.69,122.21,822,,
2012/05/15,122.29,122.24,121.98,122.06,7100,,
2012/05/16,121.32,122.2,121.24,121.58,4099,,
2012/05/17,121.43,121.06,121.06,120.32,245,,
2012/05/18,119.85,119.85,119.01,119.01,6230,,
2012/05/21,118.33,119.16,118.27,119.16,2816,,
2012/05/22,120.1,121.2,119.97,121.2,2393,,
2012/05/23,120.12,120.12,119.72,119.72,700,,
2012/05/24,121.02,121.82,120.58,121.24,1100,,
2012/05/25,121.84,121.84,121.55,121.74,341,,
2012/05/28,122.05,122.55,122.05,122.55,650,,
2012/05/29,122.56,123.04,122.56,122.84,81,,
2012/05/30,122.57,122.57,121.9,122.02,235,,
2012/05/31,122.1,122.1,121.74,121.74,0,,
2012/06/01,121.73,121.73,119.4,119.42,3036,,
2012/06/04,118.14,118.29,117.89,117.89,105,,
2012/06/05,118.78,119.07,118.78,119.07,0,,
2012/06/06,119.86,121.25,119.86,121.25,3638,,
2012/06/07,121.42,122.13,121.42,121.82,554,,
2012/06/08,121.18,121.87,121.18,121.75,223,,
2012/06/11,122.96,122.96,122.12,122.12,6,,
2012/06/12,121.63,122.38,121.55,122.37,2450,,
2012/06/13,122.4,122.4,121.68,121.77,1430,,
2012/06/14,121.44,121.65,121.44,121.55,172,,
2012/06/15,122.1,122.73,122.1,122.44,4938,,
2012/06/18,123.23,123.47,122.89,123.47,1100,,
2012/06/19,123.49,124.15,123.49,124.15,0,,
2012/06/20,124.16,124.29,124.16,124.19,4584,,
2012/06/21,124.06,124.75,123.98,123.98,200,,
2012/06/22,122.84,123.14,122.84,123.14,3203,,
2012/06/25,122.94,122.94,121.83,121.83,3161,,
2012/06/26,122.16,122.23,122.14,122.2,1580,,
2012/06/27,122.83,123.83,122.83,123.83,100,,
2012/06/28,123.89,123.89,123.21,123.24,6443,,
2012/06/29,124.57,124.89,124.51,124.83,851,,
2012/07/02,125.42,126.34,125.42,126.23,150,,
2012/07/03,126.49,127.53,126.49,127.49,4810,,
2012/07/04,127.52,128.16,127.52,128.11,10049,,
2012/07/05,127.9,129.09,127.9,129.02,14185,,
2012/07/06,128.55,128.65,127.85,127.85,3072,,
2012/07/09,127.88,127.88,127.51,127.51,100,,
2012/07/10,127.7,128.69,127.7,128.28,467,,
2012/07/11,127.41,127.83,127.41,127.78,236,,
2012/07/12,127,127.1,126.85,126.85,6091,,
2012/07/13,127.56,128.48,127.48,128.48,191,,
2012/07/16,128.47,128.47,128.37,128.37,0,,
2012/07/17,128.54,128.54,128.38,128.43,1300,,
2012/07/18,128.56,129.82,128.56,129.82,51,,
2012/07/19,130.1,130.78,130.1,130.67,5908,,
2012/07/20,130.15,130.3,129.97,129.97,1000,,
2012/07/23,129.4,129.4,127.94,128.03,6406,,
2012/07/24,128.35,128.35,127.85,127.85,4350,,
2012/07/25,127.26,127.74,127,127.19,4222,,
2012/07/26,127.4,128.33,127.32,128.08,6098,,
2012/07/27,128.92,129.43,128.92,129.43,0,,
2012/07/30,130.53,131.3,130.53,131.3,0,,
2012/07/31,131.41,131.6,130.65,130.65,167,,
2012/08/01,130.42,130.86,130.42,130.86,21653,,
2012/08/02,130.81,130.94,130.11,130.11,2252,,
2012/08/03,130.22,131.46,130.22,131.34,13990,,
2012/08/06,131.11,131.56,131.11,131.38,25752,,
2012/08/07,131.52,132.24,131.34,132.24,32003,,
2012/08/08,132.23,132.79,132.23,132.79,0,,
2012/08/09,133.1,133.64,133.03,133.6,8772,,
2012/08/10,133.08,133.2,133.08,133.2,22,,
2012/08/13,133.34,133.34,132.58,132.58,7750,,
2012/08/14,133.21,133.59,133.21,133.59,0,,
2012/08/15,132.87,133.63,132.87,133.51,1000,,
2012/08/16,134.06,134.06,133.34,133.83,142,,
2012/08/17,134.1,134.75,134.08,134.75,100,,
2012/08/20,134.45,134.61,134.23,134.23,1125,,
2012/08/21,134.39,134.39,133.88,133.88,23496,,
2012/08/22,133.06,133.06,132.5,132.5,2201,,
2012/08/23,132.86,132.86,131.52,131.52,453,,
2012/08/24,131.48,131.99,131.48,131.91,832,,
2012/08/27,132.09,132.66,132.09,132.66,527,,
2012/08/28,132.27,132.27,131.38,131.42,667,,
2012/08/29,131.73,131.74,131.57,131.57,15545,,
2012/08/30,131.04,131.04,130.7,130.98,4589,,
2012/08/31,130.63,131.2,130.25,131.16,4532,,
2012/09/03,130.65,131.07,130.65,131.07,212,,
2012/09/04,130.71,130.83,129.96,130.15,7612,,
2012/09/05,130.54,130.54,130.11,130.21,460,,
2012/09/06,130.38,132.36,130.38,132.36,613,,
2012/09/07,132.64,132.67,131.89,131.89,6050,,
2012/09/10,131.75,132,131.75,131.85,962,,
2012/09/11,131.22,131.59,131.22,131.59,0,,
2012/09/12,131.51,131.68,131.45,131.45,510,,
2012/09/13,131.45,131.65,131.3,131.54,1826,,
2012/09/14,132.43,132.53,132.18,132.18,735,,
2012/09/17,131.89,132.06,131.75,131.93,443,,
2012/09/18,131.58,132.11,131.58,131.84,1350,,
2012/09/19,132.4,132.44,132.13,132.25,742,,
2012/09/20,132.11,132.61,132.11,132.61,240,,
2012/09/21,132.99,133.38,132.74,132.86,5350,,
2012/09/24,132.38,132.73,132.38,132.69,2290,,
2012/09/25,133.09,133.09,132.99,132.99,0,,
2012/09/26,132.43,132.43,131.03,131.15,73351,,
2012/09/27,131.82,132.2,131.82,131.9,1483,,
2012/09/28,131.97,131.97,130.99,131.24,185,,
2012/10/01,131.58,132.34,131.47,132.34,2141,,
2012/10/02,131.69,132.07,131.27,131.27,190,,
2012/10/03,131.46,131.89,131.46,131.89,1067,,
2012/10/04,132.2,132.2,131.66,131.66,117,,
2012/10/05,132.12,132.32,131.98,132.24,697,,
2012/10/08,131.41,131.87,131.41,131.58,2025,,
2012/10/09,131.86,131.95,131.37,131.37,953,,
2012/10/10,131.21,131.21,130.67,130.67,19,,
2012/10/11,130.68,130.95,130.68,130.93,472,,
2012/10/12,130.56,130.56,130,130,798,,
2012/10/15,130.3,130.6,130.3,130.48,107,,
2012/10/16,130.77,131.55,130.77,131.55,54,,
2012/10/17,131.12,131.76,131.12,131.67,290,,
2012/10/18,132.01,132.08,131.79,132.08,5175,,
2012/10/19,131.99,131.99,131.2,131.2,118,,
2012/10/22,130.49,130.49,130.07,130.07,0,,
2012/10/23,130.35,130.35,128.98,128.98,346,,
2012/10/24,129.23,129.9,129.23,129.55,123,,
2012/10/25,129.36,129.94,129.36,129.54,115,,
2012/10/26,129.05,129.59,129.05,129.59,0,,
2012/10/29,129.43,130.16,129.43,129.47,48,,
2012/10/30,129.29,130.23,129.29,130,4164,,
2012/10/31,130.06,130.18,129.31,129.31,39508,,
2012/11/01,129.33,131.02,129.33,131.02,307,,
2012/11/02,131.37,132.04,131.3,131.79,3551,,
2012/11/05,131.19,131.27,131.02,131.2,469,,
2012/11/06,131.59,131.97,131.59,131.97,351,,
2012/11/07,132.45,132.57,129.81,129.81,546,,
2012/11/08,130.44,130.44,129.9,129.9,1035,,
2012/11/09,129.56,129.92,128.54,129.83,745,,
2012/11/12,129.55,129.71,129.4,129.4,1173,,
2012/11/13,128.98,130,128.98,129.89,136,,
2012/11/14,129.45,129.51,128.13,128.13,3196,,
2012/11/15,127.49,127.59,126.72,126.72,854,,
2012/11/16,127.12,127.46,126.54,126.54,626,,
2012/11/19,127.97,128.95,127.85,128.95,1853,,
2012/11/20,129,129.38,129,129.28,3219,,
2012/11/21,129.54,129.66,129.41,129.47,93,,
2012/11/22,129.82,129.83,129.73,129.73,239,,
2012/11/23,129.65,130.07,129.65,130.07,176,,
2012/11/26,129.69,129.69,129.52,129.52,91,,
2012/11/27,130.01,130.08,130.01,130.08,0,,
2012/11/28,129.76,129.88,129.18,129.88,21389,,
2012/11/29,130.71,131.24,130.71,131.09,1189,,
2012/11/30,130.74,131.4,130.74,130.93,2676,,
2012/12/03,130.68,131.41,130.68,130.78,8982,,
2012/12/04,129.95,130.09,129.89,129.89,244,,
2012/12/05,130.5,130.5,130.16,130.16,507,,
2012/12/06,130.5,131.61,130.5,131.32,1900,,
2012/12/07,131.55,132.42,131.55,131.8,5288,,
2012/12/10,132.53,132.53,131.85,132.44,2073,,
2012/12/11,132.15,132.8,132.15,132.8,440,,
2012/12/12,132.75,132.88,132.48,132.48,7398,,
2012/12/13,132.15,132.2,131.65,131.66,5846,,
2012/12/14,131.47,131.47,130.77,130.77,3024,,
2012/12/17,130.85,131.02,130.85,131.02,100,,
2012/12/18,131.91,131.94,131.46,131.82,5561,,
2012/12/19,132.54,132.54,132.19,132.19,43,,
2012/12/20,131.86,132.11,131.67,132.04,342,,
2012/12/21,131.58,131.89,131.02,131.61,492,,
2012/12/24,131.84,131.84,131.56,131.56,100,,
2012/12/27,131.16,131.16,130.56,130.56,2774,,
2012/12/28,130.84,131,130.25,131,6806,,
2012/12/31,129.83,130.25,129.64,129.64,212,,
2013/01/02,132.29,134.17,132.29,134.17,1140,,
2013/01/03,135.31,135.74,134.83,135.6,2521,,
2013/01/04,135.37,135.92,135.37,135.92,1859,,
2013/01/07,135.82,136.09,135.06,135.06,4039,,
2013/01/08,134.6,135.1,134.6,134.67,72,,
2013/01/09,135.43,136.38,135.43,135.7,1091,,
2013/01/10,136.18,136.18,134.78,134.78,15661,,
2013/01/11,134.83,134.83,133.92,133.92,934,,
2013/01/14,134.38,134.45,133.84,133.97,2550,,
2013/01/15,133.75,134.01,133.75,134.01,0,,
2013/01/16,134.32,134.38,134.08,134.38,3007,,
2013/01/17,134.24,134.66,133.87,134.66,1700,,
2013/01/18,134.6,134.91,134.6,134.91,0,,
2013/01/21,135.13,135.44,135.13,135.44,35,,
2013/01/22,134.98,135.16,134.91,135.16,40,,
2013/01/23,135.72,135.8,135.59,135.59,2735,,
2013/01/24,135.48,136.05,135.35,135.9,429,,
2013/01/25,135.21,135.36,134.72,135.1,7995,,
2013/01/28,135.21,135.68,135.13,135.13,685,,
2013/01/29,135.58,135.66,135.28,135.66,87,,
2013/01/30,135.91,135.91,134.82,134.82,82,,
2013/01/31,134.71,134.82,134.31,134.31,8061,,
2013/02/01,134.19,134.4,133.87,133.87,7757,,
2013/02/04,135.03,135.03,134,134,232,,
2013/02/05,134.48,134.68,134.2,134.2,3729,,
2013/02/06,134.9,134.9,134.63,134.66,65,,
2013/02/07,134.8,135.14,134.58,135.04,734,,
2013/02/08,135.72,136.83,135.72,136.43,2149,,
2013/02/11,136.82,136.82,136.2,136.2,17333,,
2013/02/12,136.13,136.17,136.04,136.07,980,,
2013/02/13,136.28,136.63,136.18,136.48,5989,,
2013/02/14,136.73,137.38,136.68,137.17,913,,
2013/02/15,136.97,137.31,136.95,136.96,842,,
2013/02/18,137.41,137.41,136.75,136.95,277,,
2013/02/19,136.85,137.99,136.85,137.58,4345,,
2013/02/20,137.83,137.9,137.62,137.62,1279,,
2013/02/21,137.31,137.31,136.6,136.6,463,,
2013/02/22,137.13,137.99,137.13,137.91,1305,,
2013/02/25,138.59,138.59,137.82,138.21,645,,
2013/02/26,137.4,137.63,137.25,137.25,591,,
2013/02/27,137.5,138.35,137.24,138.35,373,,
2013/02/28,138.9,139.78,138.9,139.28,4998,,
2013/03/01,139.45,139.77,138.9,139.77,6824,,
2013/03/04,139.04,140.1,139.04,140.1,63,,
2013/03/05,140.53,142.02,140.53,142.02,8915,,
2013/03/06,142.23,142.41,141.6,142.09,371,,
2013/03/07,142.09,142.09,141.33,141.66,6424,,
2013/03/08,141.81,143.34,141.81,142.93,5864,,
2013/03/11,142.77,143.15,142.53,143.15,2461,,
2013/03/12,142.96,143.07,142.78,142.78,12835,,
2013/03/13,142.6,143.57,142.5,143.56,975,,
2013/03/14,144.41,144.41,143.9,143.9,27,,
2013/03/15,144.07,144.07,143.1,143.59,250,,
2013/03/18,143.05,143.8,142.98,143.8,4437,,
2013/03/19,143.86,144.12,143.59,143.59,1157,,
2013/03/20,144.03,144.27,143.99,143.99,320,,
2013/03/21,144.18,144.35,143.81,143.9,7667,,
2013/03/22,143.75,143.75,143.12,143.46,1965,,
2013/03/25,144.21,144.74,143.74,144.04,16968,,
2013/03/26,144.61,145,144.3,145,4695,,
2013/03/27,145.55,145.59,145.2,145.59,8371,,
2013/03/28,145.55,145.55,145.25,145.29,86,,
2013/04/02,145.06,146.22,145.06,146.22,15036,,
2013/04/03,145.92,146.12,144.61,144.61,6913,,
2013/04/04,144.64,145.43,144.34,144.34,9824,,
2013/04/05,144.04,144.04,141.3,141.74,2735,,
2013/04/08,142.33,142.7,142.25,142.38,8851,,
2013/04/09,143.04,143.33,142.36,142.36,8939,,
2013/04/10,143.23,144.83,143.23,144.72,11243,,
2013/04/11,144.91,145.36,144.8,145.36,7029,,
2013/04/12,145.26,145.41,144.41,144.41,2468,,
2013/04/15,144.48,144.48,143.73,143.73,1359,,
2013/04/16,142.52,142.77,142.36,142.45,550,,
2013/04/17,142.63,142.63,141.45,141.45,3409,,
2013/04/18,141.61,142,141.16,141.16,168,,
2013/04/19,141.33,141.56,141.31,141.47,16108,,
2013/04/22,142.23,143.02,142.14,142.14,1909,,
2013/04/23,142.3,144.72,142.3,144.72,14797,,
2013/04/24,145.16,145.52,145.16,145.52,1572,,
2013/04/25,145.43,146.48,145.43,146.48,17663,,
2013/04/26,146.02,146.02,145.7,145.7,2593,,
2013/04/29,145.8,146.44,145.7,146.44,29530,,
2013/04/30,146.99,146.99,145.91,146.13,46122,,
2013/05/02,145.35,147.15,145.21,147.07,5898,,
2013/05/03,146.56,148.29,146.28,148.1,6908,,
2013/05/06,148.08,148.49,147.95,148.49,4715,,
2013/05/07,148.55,148.73,148.33,148.73,32523,,
2013/05/08,148.59,148.94,148.4,148.94,248,,
2013/05/09,148.94,149.48,148.94,149.48,292,,
2013/05/10,149.99,150.94,149.99,150.94,20543,,
2013/05/13,150.65,150.76,150.4,150.76,2156,,
2013/05/14,150.68,151.8,150.32,151.8,7018,,
2013/05/15,152.45,153.52,152.4,153.52,7942,,
2013/05/16,153.23,153.28,152.73,153.28,27768,,
2013/05/17,153.16,154.22,153.16,154.14,20090,,
2013/05/20,154.7,154.7,154.15,154.59,143,,
2013/05/21,154.27,154.36,154.16,154.36,8689,,
2013/05/22,154.19,155.4,153.91,155.37,33343,,
2013/05/23,151.98,151.98,150.27,151.19,17969,,
2013/05/24,151.22,151.22,149.85,150.32,5561,,
2013/05/27,150.51,150.71,150.25,150.71,23078,,
2013/05/28,151.83,153.14,151.83,152.95,5684,,
2013/05/29,151.6,151.6,149.68,149.68,8479,,
2013/05/30,149.76,150.62,149.76,149.87,6002,,
2013/05/31,149.62,150.29,148.48,149.61,7485,,
2013/06/03,147.8,148.18,146.42,146.42,17253,,
2013/06/04,148.18,148.37,147.83,147.98,15334,,
2013/06/05,146.67,147.15,145.24,145.44,30362,,
2013/06/06,145.03,145.19,143.49,143.49,12419,,
2013/06/07,143.72,145.99,143.42,145.99,2945,,
2013/06/10,146.34,146.57,146.16,146.16,21163,,
2013/06/11,145.35,145.35,143.5,144.88,5652,,
2013/06/12,144.46,145.28,143.37,143.7,2783,,
2013/06/13,141.42,143.57,141.2,143.15,12835,,
2013/06/14,144.23,144.58,143.83,143.84,5222,,
2013/06/17,145.35,145.51,145,145.32,2956,,
2013/06/18,144.91,145.19,144.9,145.19,3260,,
2013/06/19,145.54,145.54,144.93,145.35,8846,,
2013/06/20,143.71,143.89,141.91,141.91,28987,,
2013/06/21,142.05,142.66,140.92,140.92,310,,
2013/06/24,141.12,141.12,139.15,139.19,25048,,
2013/06/25,140.14,141.71,140.14,141.63,7446,,
2013/06/26,141.6,143.64,141.6,143.64,21405,,
2013/06/27,143.92,145.42,143.75,145.06,2929,,
2013/06/28,145.27,145.27,144.78,144.78,155,,
2013/07/01,145.37,145.93,144.45,145.67,31387,,
2013/07/02,145.51,146.06,145.15,146.06,27198,,
2013/07/03,145,145.24,144.78,145.05,2481,,
2013/07/04,145.73,148,145.73,147.81,2330,,
2013/07/05,148.47,148.94,147.15,147.15,21010,,
2013/07/08,148.43,149.03,148.43,148.75,8727,,
2013/07/09,149.39,150.92,149.39,150.92,5411,,
2013/07/10,150.8,150.8,150,150.27,2590,,
2013/07/11,150.39,150.52,150.05,150.23,11825,,
2013/07/12,150.31,150.68,150.31,150.4,1239,,
2013/07/15,151.07,151.29,150.65,151.29,1533,,
2013/07/16,150.83,150.83,149.65,149.65,877,,
2013/07/17,149.83,150.75,149.58,150.62,1381,,
2013/07/18,150.3,151.8,150.3,151.8,40,,
2013/07/19,150.62,151.14,150.49,151.14,4810,,
2013/07/22,151.48,151.48,150.72,151.23,438,,
2013/07/23,151.69,151.69,150.79,150.79,99,,
2013/07/24,151.29,151.29,150.85,150.85,2034,,
2013/07/25,150.49,150.49,149.73,149.73,457,,
2013/07/26,150.1,150.1,149.09,149.12,5281,,
2013/07/29,149.48,149.48,149.07,149.07,507,,
2013/07/30,149.6,149.75,149.43,149.43,762,,
2013/07/31,149.36,149.69,149.2,149.69,6510,,
2013/08/01,150.23,151.52,150.23,151.36,4854,,
2013/08/02,151.82,151.94,150.97,151.1,12056,,
2013/08/05,151.46,151.64,151.32,151.5,2680,,
2013/08/06,151.57,151.65,150.32,150.52,36400,,
2013/08/07,149.83,150.04,149.39,149.39,7376,,
2013/08/08,149.64,149.85,149.2,149.27,3183,,
2013/08/09,149.88,150.38,149.5,149.94,28290,,
2013/08/12,150.52,150.53,150,150.53,10426,,
2013/08/13,150.74,151.65,150.74,151.3,16074,,
2013/08/14,151.32,151.57,150.69,151.37,773,,
2013/08/15,150.58,150.58,149.28,149.47,341,,
2013/08/16,148.66,149.04,148.66,149.04,162,,
2013/08/19,148.73,148.73,148.16,148.17,8,,
2013/08/20,147.27,147.27,146,146.8,21426,,
2013/08/21,146.77,146.77,146.48,146.48,202,,
2013/08/22,146.53,147.23,146.53,147.17,24165,,
2013/08/23,147.82,147.82,147.77,147.77,60,,
2013/08/26,148.59,148.59,147.73,148.52,6564,,
2013/08/27,147.41,147.41,146.05,146.07,48480,,
2013/08/28,145.5,146.09,145.1,145.97,2389,,
2013/08/29,146.87,147.81,146.71,147.63,7334,,
2013/08/30,147.59,147.59,146.46,146.46,42304,,
2013/09/02,147.94,148.72,147.94,148.67,18582,,
2013/09/03,149.55,149.55,148.5,148.5,13380,,
2013/09/04,148.75,148.84,147.97,148.84,75,,
2013/09/05,149.35,150.27,149,150.27,1030,,
2013/09/06,149.91,150.79,148.57,150.4,19864,,
2013/09/09,150.37,150.68,150.07,150.11,1566,,
2013/09/10,151.04,151.93,151.04,151.83,2004,,
2013/09/11,151.55,151.85,151.22,151.56,777,,
2013/09/12,151.75,151.97,151.72,151.72,15071,,
2013/09/13,151.4,152,151.4,152,208,,
2013/09/16,152.86,153.1,152.66,152.96,6757,,
2013/09/17,152.16,152.62,152.13,152.48,4651,,
2013/09/18,152.79,153.18,152.74,152.8,18758,,
2013/09/19,153.45,153.81,153.13,153.15,16863,,
2013/09/20,153.01,153.18,152.7,152.75,3072,,
2013/09/23,152.4,152.5,151.59,151.75,6903,,
2013/09/24,151.1,152.13,151.1,152.13,909,,
2013/09/25,151.96,151.96,151.45,151.54,2229,,
2013/09/26,151.94,151.94,151.31,151.93,866,,
2013/09/27,152.04,152.04,150.8,151.02,419,,
2013/09/30,150.6,150.6,150,150.34,575,,
2013/10/01,150.3,151.26,150.28,151.26,400,,
2013/10/02,150.7,150.7,149.55,149.96,931,,
2013/10/03,150,150,148.97,148.97,1493,,
2013/10/04,149.1,149.65,148.9,149.55,147,,
2013/10/07,149.14,149.48,148.41,149.39,392,,
2013/10/08,149.34,149.34,147.99,147.99,349,,
2013/10/09,148.18,148.39,147.5,147.7,442,,
2013/10/10,148.64,150.48,148.64,150.38,232,,
2013/10/11,150.72,151.12,150.54,151.06,1652,,
2013/10/14,150.8,151.02,150.49,151.02,1656,,
2013/10/15,152.23,152.83,152.04,152.82,3961,,
2013/10/16,152.07,153.63,151.81,153.38,443,,
2013/10/17,152.69,152.69,151.86,152.61,1219,,
2013/10/18,153.37,153.72,152.94,153.72,797,,
2013/10/21,153.99,154.07,153.85,154.02,7083,,
2013/10/22,153.91,154.58,153.91,154.01,2068,,
2013/10/23,153.33,153.52,153.04,153.04,431,,
2013/10/24,153.57,153.63,153.29,153.45,13900,,
2013/10/25,153.01,153.68,152.92,153.51,763,,
2013/10/28,154.2,154.2,153.82,153.82,174,,
2013/10/29,153.85,154.75,153.85,154.75,532,,
2013/10/30,155.17,155.5,154.39,154.51,900,,
2013/10/31,154.4,156.03,154.4,156.03,12427,,
2013/11/01,155.85,155.89,155.85,155.89,4,,
2013/11/04,156.39,156.66,156.23,156.24,1273,,
2013/11/05,156.66,156.66,155.95,156.46,1426,,
2013/11/06,156.84,157.05,156.59,156.67,875,,
2013/11/07,156.5,159.11,156.46,157.17,5477,,
2013/11/08,156.2,157.45,156,157.33,913,,
2013/11/11,157.63,157.63,157.43,157.43,1973,,
2013/11/12,157.66,157.66,157.08,157.08,4,,
2013/11/13,156.61,156.83,155.85,156.64,2860,,
2013/11/14,158.01,158.19,157.59,157.98,9620,,
2013/11/15,158.83,158.88,158.65,158.65,831,,
2013/11/18,158.54,158.92,158.41,158.85,226,,
2013/11/19,158.11,158.16,157.9,157.9,1484,,
2013/11/20,157.45,158.77,157.37,158.64,676,,
2013/11/21,158.08,158.63,157.85,158.37,2676,,
2013/11/22,158.4,158.4,158.15,158.15,501,,
2013/11/25,158.51,159.02,158.51,158.94,2153,,
2013/11/26,158.46,158.46,157.88,157.88,1366,,
2013/11/27,157.9,158.3,157.7,158.27,581,,
2013/11/28,158.06,158.34,158.06,158.11,1750,,
2013/11/29,158.49,158.54,158.2,158.2,414,,
2013/12/02,158.23,158.37,158,158.3,53723,,
2013/12/03,157.94,157.94,156.51,156.51,1600,,
2013/12/04,156.59,157,155.89,156.38,3565,,
2013/12/05,155.43,155.81,154.58,154.58,1023,,
2013/12/06,155,155.73,155,155.67,1057,,
2013/12/09,155.94,155.94,155.64,155.83,69,,
2013/12/10,155.41,155.81,154.8,154.82,3752,,
2013/12/11,154.58,154.58,153.56,153.56,47,,
2013/12/12,153.1,153.17,152.73,152.73,921,,
2013/12/13,152.65,153.24,152.65,152.82,1656,,
2013/12/16,152.28,153.7,152.28,153.58,97709,,
2013/12/17,153.37,153.54,152.78,152.78,2999,,
2013/12/18,153.55,153.78,153.48,153.48,4636,,
2013/12/19,155.75,156.4,155.75,156.4,5868,,
2013/12/20,156.95,157.33,156.6,157.31,1988,,
2013/12/23,157.88,158.06,157.63,158.06,2154,,
2013/12/24,,,,158.06,,,
2013/12/27,158.82,158.89,157.82,158.89,5657,,
2013/12/30,159.17,159.17,158.57,158.57,284,,
2013/12/31,,,,158.57,,,
2014/01/02,159.85,160.21,159.11,159.24,4550,,
2014/01/03,159.04,160.15,159.04,159.69,3161,,
2014/01/06,159.86,160.04,158.7,158.7,14040,,
2014/01/07,159.32,160.32,159.21,160.23,1107,,
2014/01/08,160.18,160.47,160.08,160.47,3096,,
2014/01/09,160.32,161.1,159.84,159.84,2775,,
2014/01/10,160.46,160.98,159.36,159.57,1977,,
2014/01/13,159.99,160.45,159.99,160.22,117,,
2014/01/14,158.44,159.6,158.44,159.54,399,,
2014/01/15,160.2,161.68,160.2,161.54,1673,,
2014/01/16,161.13,161.13,160.92,161.07,2508,,
2014/01/17,161.4,161.98,161.37,161.98,1830,,
2014/01/20,161.63,161.8,161.48,161.67,440,,
2014/01/21,162.21,162.67,161.4,161.48,10090,,
2014/01/22,162.31,162.31,161.83,161.83,428,,
2014/01/23,161.16,161.16,159.26,159.31,3375,,
2014/01/24,159.38,159.38,156.38,156.38,9175,,
2014/01/27,156.32,156.32,154.99,154.99,1666,,
2014/01/28,155.66,156.15,155.56,155.84,29478,,
2014/01/29,157.05,157.28,154.25,155.52,2462,,
2014/01/30,155.51,156.89,155.18,156.89,1591,,
2014/01/31,156.24,156.69,154.63,156.69,11768,,
2014/02/03,156.6,156.6,153.94,154.11,9358,,
2014/02/04,153.13,153.83,152.97,153.83,2003,,
2014/02/05,153.39,153.46,152.8,153.46,5831,,
2014/02/06,154.16,154.96,153.83,154.92,720,,
2014/02/07,155.62,156.25,154.82,156.23,1107,,
2014/02/10,156.82,156.82,156.21,156.45,269,,
2014/02/11,157.02,157.95,157.02,157.95,4893,,
2014/02/12,159.15,159.45,158.97,159.45,547,,
2014/02/13,158.67,158.87,157.5,158.87,562,,
2014/02/14,158.73,159.55,158.73,159.55,1796,,
2014/02/17,159.85,160.1,159.85,159.95,2173,,
2014/02/18,160.04,160.04,159.47,159.91,9780,,
2014/02/19,159.67,160.07,159.5,160.07,7219,,
2014/02/20,158.61,159.82,158.61,159.82,11826,,
2014/02/21,160.67,160.67,160.4,160.58,424,,
2014/02/24,159.89,161.38,159.82,161.38,25,,
2014/02/25,160.62,161.26,160.6,161.17,223,,
2014/02/26,161.41,161.62,161,161.62,5332,,
2014/02/27,161.38,161.46,160.5,161.03,3113,,
2014/02/28,161.26,161.36,160.36,161.36,3372,,
2014/03/03,159.43,159.59,158.68,158.85,1175,,
2014/03/04,160.72,161.93,160.68,161.93,582,,
2014/03/05,161.88,161.99,161.88,161.99,83,,
2014/03/06,162.8,162.8,161.82,161.82,17053,,
2014/03/07,161.57,161.57,160.45,160.45,2645,,
2014/03/10,160.11,160.59,159.57,160.07,418,,
2014/03/11,160.54,160.54,159.98,159.98,272,,
2014/03/12,159.49,159.49,158,158.45,534,,
2014/03/13,158.76,158.84,157.5,157.5,3068,,
2014/03/14,157.13,157.15,156,156.5,8925,,
2014/03/17,156.87,157.82,156.87,157.82,621,,
2014/03/18,157.68,158.9,157.2,158.71,6167,,
2014/03/19,158.75,158.9,158.52,158.65,2660,,
2014/03/20,157.99,159.31,157.99,159.31,0,,
2014/03/21,159.79,160.05,159.66,159.87,5184,,
2014/03/24,159.41,159.44,157.92,157.92,6897,,
2014/03/25,158.14,159.72,158.14,159.24,6652,,
2014/03/26,159.5,160.55,159.5,160,29575,,
2014/03/27,159.65,159.71,159.23,159.71,58,,
2014/03/28,160.42,161.04,160.26,161.04,1559,,
2014/03/31,161.42,161.42,160.81,161.21,891,,
2014/04/01,161.74,162.08,161.35,161.66,562,,
2014/04/02,162.42,162.8,162.42,162.8,147,,
2014/04/03,162.83,163.27,162.8,163.17,1135,,
2014/04/04,163.73,164.34,163.57,163.85,1558,,
2014/04/07,161.94,161.94,160.93,160.93,1694,,
2014/04/08,160.45,160.45,159.56,159.97,6286,,
2014/04/09,160.3,160.7,160.3,160.42,2893,,
2014/04/10,161.31,161.31,159.43,159.43,1899,,
2014/04/11,158.05,158.05,156.87,157.42,5639,,
2014/04/14,157.08,158.53,156.85,158.53,741,,
2014/04/15,158.45,158.45,157.54,157.87,9143,,
2014/04/16,159.57,159.84,159.21,159.84,2324,,
2014/04/17,159.71,160.52,159.7,160.42,156,,
2014/04/22,161.15,162.3,160.75,162.3,6169,,
2014/04/23,162.19,162.29,161.26,161.72,3458,,
2014/04/24,162.19,162.5,160.97,161.88,13092,,
2014/04/25,161.44,161.44,160.43,160.57,311,,
2014/04/28,160.93,161.23,160.62,160.62,812,,
2014/04/29,161.11,162.18,161,162.17,1134,,
2014/04/30,161.91,162.15,161.68,161.73,2949,,
2014/05/02,162.35,163.15,162,162.24,5707,,
2014/05/05,161.84,161.92,160.85,161.92,2193,,
2014/05/06,162.08,162.09,160.9,161.1,2986,,
2014/05/07,160.4,160.92,160,160.92,70,,
2014/05/08,161.34,162.71,160.58,162.71,3189,,
2014/05/09,162.42,162.45,162.21,162.45,437,,
2014/05/12,163.14,164.11,163,164.11,1531,,
2014/05/13,164.61,165.33,164.56,165.11,17,,
2014/05/14,165.24,165.24,164.85,164.91,695,,
2014/05/15,164.97,165.13,163,163,1422,,
2014/05/16,163.19,163.67,163,163.67,969,,
2014/05/19,163.47,164.07,162.87,164.07,1444,,
2014/05/20,164.01,164.07,163.76,163.76,912,,
2014/05/21,162.95,164.75,162.95,164.58,129,,
2014/05/22,165.26,165.64,165.04,165.64,1366,,
2014/05/23,165.79,166.05,165.74,166.05,744,,
2014/05/26,166.73,167.04,166.73,167.04,1785,,
2014/05/27,166.88,167.41,166.88,167.29,5169,,
2014/05/28,167.31,167.69,167.23,167.38,7291,,
2014/05/29,167.82,167.83,167.58,167.78,71,,
2014/05/30,167.86,167.87,167.68,167.68,176,,
2014/06/02,168.58,168.75,168,168.62,8331,,
2014/06/03,168.41,168.49,167.8,167.97,9945,,
2014/06/04,168.07,168.39,167.68,168.39,5910,,
2014/06/05,168.62,170,168.41,169.15,2401,,
2014/06/06,169.31,169.9,169.31,169.9,2294,,
2014/06/09,169.87,170.95,169.87,170.93,122,,
2014/06/10,170.46,171.05,170.46,171.05,9294,,
2014/06/11,171.27,171.36,170.5,170.76,5665,,
2014/06/12,171.01,171.51,170.5,170.54,3822,,
2014/06/13,170.29,170.54,169.67,170.27,1591,,
2014/06/16,170.02,170.38,169.8,169.8,851,,
2014/06/17,170.2,170.52,169.95,170.41,2588,,
2014/06/18,170.76,170.76,170.36,170.36,6,,
2014/06/19,170.96,171.35,170.96,171.31,124,,
2014/06/20,171.37,172.03,171.34,171.97,97,,
2014/06/23,171.87,171.88,171.46,171.46,896,,
2014/06/24,171.62,172.12,171.09,172.12,3615,,
2014/06/25,170.56,170.56,169.81,170.25,839,,
2014/06/26,170.51,170.87,170.31,170.31,3044,,
2014/06/27,170.25,170.58,170.2,170.45,491,,
2014/06/30,170.64,170.64,170.33,170.33,627,,
2014/07/01,170.66,171.71,170.66,171.55,13459,,
2014/07/02,171.86,172.21,171.86,172.14,176,,
2014/07/03,171.95,173.46,171.92,173.36,790,,
2014/07/04,173.28,173.57,173.28,173.3,1798,,
2014/07/07,173.25,173.25,172.48,172.48,5008,,
2014/07/08,172.6,172.6,170.8,170.8,1733,,
2014/07/09,170.94,171.38,170.82,171.05,1176,,
2014/07/10,170.94,170.94,169.7,170.18,1509,,
2014/07/11,170.45,170.94,170.18,170.51,3066,,
2014/07/14,171.18,171.73,171.11,171.68,2191,,
2014/07/15,171.86,172.15,171.61,171.61,21036,,
2014/07/16,171.98,173.08,171.98,172.96,21171,,
2014/07/17,172.83,173.01,172.27,172.27,838,,
2014/07/18,171.35,172.42,171.21,172.42,420,,
2014/07/21,172.38,172.38,171.63,172.09,935,,
2014/07/22,172.3,174.02,172.3,174.02,515,,
2014/07/23,173.86,174.43,173.86,174.36,933,,
2014/07/24,174.27,174.69,174.25,174.69,20,,
2014/07/25,174.2,174.52,173.99,173.99,339,,
2014/07/28,174.09,174.09,173.7,173.82,424,,
2014/07/29,174.14,174.77,173.76,174.15,4907,,
2014/07/30,174.15,174.81,173.75,173.95,3558,,
2014/07/31,173.72,173.72,171.67,171.67,228,,
2014/08/01,171.26,171.26,169.6,169.68,747,,
2014/08/04,170.33,170.38,169.63,169.92,9273,,
2014/08/05,170.33,170.9,170.33,170.39,2179,,
2014/08/06,169.57,169.82,168.68,169.82,13519,,
2014/08/07,169.28,169.89,169.16,169.16,1143,,
2014/08/08,167.28,168.11,166.73,168.11,2137,,
2014/08/11,169.32,170.61,169.29,170.61,837,,
2014/08/12,170.47,170.6,170.03,170.1,493,,
2014/08/13,170.8,171.35,170.53,171.35,33717,,
2014/08/14,171.15,171.54,170.87,171.54,121,,
2014/08/15,171.94,172.14,170.75,170.87,1552,,
2014/08/18,172.54,173.22,172.36,173.22,2208,,
2014/08/19,173.72,174.35,173.5,174.25,2638,,
2014/08/20,174.37,174.77,174.15,174.72,666,,
2014/08/21,175.17,175.68,175.09,175.6,1154,,
2014/08/22,175.75,175.98,175.25,175.8,1672,,
2014/08/25,177.26,177.51,176.82,177.51,1917,,
2014/08/26,177.09,177.85,176.75,177.54,15813,,
2014/08/27,177.91,178,177.4,177.59,964,,
2014/08/28,177.19,177.25,176.8,177.18,4886,,
2014/08/29,177.77,177.8,177.05,177.79,5109,,
2014/09/01,178.89,178.89,177.9,178.29,886,,
2014/09/02,178.61,179.12,178.4,178.45,3446,,
2014/09/03,178.62,179.37,178.62,178.83,1531,,
2014/09/04,178.49,181.3,178.21,181.3,5404,,
2014/09/05,180.82,180.82,179.81,180.24,296,,
2014/09/08,180.93,180.93,180.4,180.73,472,,
2014/09/09,181.25,181.29,179.95,180.12,1831,,
2014/09/10,179.28,179.93,179.28,179.93,1333,,
2014/09/11,180.25,180.25,178.92,179.71,625,,
2014/09/12,180.18,180.18,179.22,179.25,305,,
2014/09/15,178.4,179.22,178.26,178.6,1235,,
2014/09/16,178.66,179.12,178.2,179.12,10476,,
2014/09/17,179.51,179.68,179.24,179.24,3690,,
2014/09/18,180.23,181.03,180.23,180.97,3938,,
2014/09/19,182.27,182.27,181.76,181.76,1106,,
2014/09/22,180.69,181.22,180.5,180.61,3085,,
2014/09/23,180.26,180.26,178.6,179.17,4358,,
2014/09/24,179.17,180.5,178.58,180.45,11358,,
2014/09/25,181.13,181.78,178.8,179.3,5250,,
2014/09/26,179.07,180.16,178.87,179.73,457,,
2014/09/29,180.25,180.25,178.7,179.68,4599,,
2014/09/30,180.32,181.43,179.99,181.11,20789,,
2014/10/01,180.43,180.68,179,179.28,1927,,
2014/10/02,178.58,178.58,175.7,175.7,7171,,
2014/10/03,177.68,179.92,177.38,179.62,8388,,
2014/10/06,180.36,180.38,179.31,179.48,1351,,
2014/10/07,178.33,178.33,177,177.05,19506,,
2014/10/08,175.98,176.11,174.48,175.29,3108,,
2014/10/09,176.65,177.04,175.55,176.14,10092,,
2014/10/10,174.31,174.69,172.94,173.2,20060,,
2014/10/13,170.81,172,170.39,171.83,76163,,
2014/10/14,170,171.38,169.7,171.32,4322,,
2014/10/16,167.23,167.23,163.98,166.96,25321,,
2014/10/17,167.29,170.62,167.29,170.5,5006,,
2014/10/20,170.67,170.72,169.13,169.99,56596,,
2014/10/21,169.66,173.82,169.66,173.82,8598,,
2014/10/22,174.53,175.96,174.35,175.87,16352,,
2014/10/23,174.89,176.91,174.43,176.64,70631,,
2014/10/27,177.34,177.34,175.23,175.66,21709,,
2014/10/28,176.59,177.33,176.59,176.71,2381,,
2014/10/29,178.01,178.01,177.31,177.31,68280,,
2014/10/30,179.6,179.62,177.5,179.42,52982,,
2014/10/31,182.3,183.7,182.15,183.01,94603,,
2014/11/03,183.41,183.77,183.39,183.5,3220,,
2014/11/04,182.59,183.03,180.73,181.05,2343,,
2014/11/05,182.49,183.44,182.49,183.29,3356,,
2014/11/06,182.56,184.48,182.49,184.32,64334,,
2014/11/07,185.2,185.2,184,184.54,1779,,
2014/11/10,183.82,185.21,183.69,185.21,26849,,
2014/11/11,185.52,185.79,185.33,185.33,407,,
2014/11/12,184.8,184.86,184,184.44,249,,
2014/11/13,185.35,185.46,184.6,184.6,5673,,
2014/11/14,185.15,185.2,184.52,184.58,11526,,
2014/11/17,183.45,184.87,183.4,184.61,413,,
2014/11/18,184.95,185.35,184.34,185.02,933,,
2014/11/19,184.67,185.14,184.35,184.45,114993,,
2014/11/20,184.2,184.93,183.27,184.78,102354,,
2014/11/21,185.25,188.71,185.08,188.4,11123,,
2014/11/24,188.32,188.73,187.82,187.93,6298,,
2014/11/25,188.31,188.73,187.47,187.59,1831,,
2014/11/26,188.21,188.44,187.42,187.44,32407,,
2014/11/27,187.61,188.13,187.6,187.88,555,,
2014/11/28,188.32,188.32,187.36,188.27,723,,
2014/12/01,186.93,186.93,185.94,186.02,858,,
2014/12/02,187.09,188.09,187,188.09,14171,,
2014/12/03,188.39,189.81,188.39,189.73,5291,,
2014/12/04,190,190.18,186.98,187.13,11500,,
2014/12/05,188.66,190.25,188.66,190.09,7256,,
2014/12/08,189.99,190.19,189.27,189.27,4900,,
2014/12/09,187.07,187.15,184.39,185.12,2979,,
2014/12/10,186.32,186.85,184.43,184.54,5016,,
2014/12/11,183.44,185.29,182.77,185.29,2330,,
2014/12/12,183.75,183.75,180.88,180.96,2943,,
2014/12/15,180.61,181.9,178.41,178.41,3766,,
2014/12/16,179.24,180.55,175.64,180.55,8910,,
2014/12/17,178.16,180.35,178.16,179.93,2593,,
2014/12/18,183.88,186.15,183.87,185.87,6859,,
2014/12/19,188.05,188.47,186.93,188.47,3201,,
2014/12/22,188.95,189.3,188.65,188.75,25659,,
2014/12/23,189.23,190.67,189.23,190.59,445,,
2014/12/24,,,,190.59,,,
2014/12/29,195.88,195.88,190.05,191.29,4859,,
2014/12/30,190.4,190.83,190.09,190.13,1563,,
2015/01/01,,,,190.13,,,
2015/01/02,191.6,191.6,190,190.02,1630,,
2015/01/05,190.22,191.05,188.41,188.41,4798,,
2015/01/06,188.23,188.87,186.57,186.57,1086,,
2015/01/07,187.7,189.81,187.3,189.14,2327,,
2015/01/08,190.88,193.34,190.74,193.22,1954,,
2015/01/09,192.99,194,190.96,191.36,6893,,
2015/01/12,191.3,192.88,189.85,190.96,11738,,
2015/01/13,190.38,194,190.38,193.26,2900,,
2015/01/14,190.46,191.4,188.5,189.12,7847,,
2015/01/15,192.01,194,190.74,193.7,2553,,
2015/01/16,191.5,195.31,191.26,194.95,32345,,
2015/01/19,195.3,195.5,194.27,194.7,2357,,
2015/01/20,196.14,196.76,195.2,195.56,1315,,
2015/01/21,196.77,197.13,194.4,197.13,22414,,
2015/01/22,197.42,200.88,196.7,200.88,1260,,
2015/01/23,203.17,206.74,203.09,204.44,7345,,
2015/01/26,203.99,204.87,203.77,204.18,20503,,
2015/01/27,205.66,205.66,200.47,201.83,7082,,
2015/01/28,203.72,203.72,201.88,202.27,68161,,
2015/01/29,201.42,201.42,199.3,200.49,5958,,
2015/01/30,201.37,201.61,199.93,200.97,1436,,
2015/02/02,200.13,201.03,198.5,201.03,23556,,
2015/02/03,201.7,202.84,200.9,200.9,866,,
2015/02/04,201.91,203.3,201.6,203.3,5742,,
2015/02/05,202.59,204.01,202.25,204.01,2905,,
2015/02/06,203.86,205.91,203.45,205.79,11596,,
2015/02/09,204.13,204.49,203.35,204.46,886,,
2015/02/10,204.4,205.7,204,205.14,8121,,
2015/02/11,205.6,205.65,205.21,205.64,580,,
2015/02/12,205.68,206.67,205.2,205.82,639,,
2015/02/13,206.43,207.41,206.3,207.17,1522,,
2015/02/16,207.21,207.7,206.78,207.66,6573,,
2015/02/17,207.44,207.69,206.84,207.69,10392,,
2015/02/18,208.62,208.97,208.32,208.97,39834,,
2015/02/19,207.93,209.11,207.1,209.09,22612,,
2015/02/20,209.49,210.89,208.9,209.53,5597,,
2015/02/23,210.7,210.85,210.18,210.85,3430,,
2015/02/24,210.99,211.69,210.65,211.63,4910,,
2015/02/25,211.27,211.44,210.92,211.29,2879,,
2015/02/26,211.59,213.96,211.4,213.93,2567,,
2015/02/27,214.1,214.23,213.12,213.66,11215,,
2015/03/02,214.72,214.72,212.86,214.05,6768,,
2015/03/03,214.51,214.86,212.93,212.93,3062,,
2015/03/04,213.33,214.72,213.2,214.72,485,,
2015/03/05,215.49,216.5,215,216.29,2860,,
2015/03/06,216.6,221.74,216.5,217.07,1653,,
2015/03/09,216.12,217.07,215.41,216.84,3103,,
2015/03/10,217.12,217.77,215.8,216.15,154622,,
2015/03/11,216.97,219.57,216.97,218.96,100758,,
2015/03/12,218.75,220.23,218.57,220.23,1283,,
2015/03/13,220.78,220.85,220.1,220.29,2080,,
2015/03/16,221.31,222.53,221.2,222.19,1836,,
2015/03/17,222.41,222.57,220.51,221.6,1782,,
2015/03/18,221.85,222.09,220.7,220.87,34191,,
2015/03/19,223.1,223.8,222.26,222.58,4638,,
2015/03/20,223.47,223.47,221.85,222.16,3212,,
2015/03/23,222.16,222.49,220.28,220.32,1537,,
2015/03/24,219.3,220.92,219,220.33,16313,,
2015/03/25,219.47,219.47,216.72,216.89,208365,,
2015/03/26,214.68,216.36,212.86,216.36,4374,,
2015/03/27,217.35,218.4,216.07,216.35,1883,,
2015/03/30,219.21,220.01,218.53,220.01,11783,,
2015/03/31,219.68,220.72,218.92,220.25,2789,,
2015/04/01,218.02,219.77,217.87,218.28,3068,,
2015/04/02,218.21,218.21,217.27,217.99,1548,,
2015/04/07,218.78,221.35,218.78,221.35,1518,,
2015/04/08,220.06,221.66,220.06,221.3,928,,
2015/04/09,221.96,223.91,221.96,223.91,1030,,
2015/04/10,226,227.24,225.75,227.24,1165,,
2015/04/13,227.05,228.31,226.41,227.72,2232,,
2015/04/14,228.37,228.37,224.76,225.35,1713,,
2015/04/15,225.92,228.2,225.92,227.86,4733,,
2015/04/16,227.16,227.66,224.02,225.63,5884,,
2015/04/17,224.94,224.94,221.78,222.2,2689,,
2015/04/20,223.15,224.48,223.15,224.48,254,,
2015/04/21,226.54,226.78,224.83,224.83,1995,,
2015/04/22,225.36,225.47,223.32,225.43,7082,,
2015/04/23,226.75,226.75,224.15,224.82,824,,
2015/04/24,224.43,225.41,223.89,224.74,11129,,
2015/04/27,225.29,226.12,224.3,225.14,825,,
2015/04/28,224.66,224.66,221.22,222.58,10529,,
2015/04/29,223.13,223.13,217.69,218.03,4644,,
2015/04/30,218.19,218.43,215.19,216.6,5524,,
2015/05/04,217,218.93,216.85,218.31,1820,,
2015/05/05,219,219.81,215.2,215.2,1240,,
2015/05/06,214.32,215.21,211.25,212.23,10893,,
2015/05/07,211.11,213.03,208.88,213.03,3198,,
2015/05/08,215.02,217.7,214.5,217.7,5947,,
2015/05/11,217.62,218.63,217.38,218.39,4152,,
2015/05/12,216.88,216.88,214,215.69,591,,
2015/05/13,216.36,217,213.91,214.07,352,,
2015/05/14,213.29,215.53,212.64,215.53,642,,
2015/05/15,215.78,216.7,214.52,214.52,584,,
2015/05/18,214.34,216.42,214.34,216.42,35213,,
2015/05/19,219.17,220.65,219.17,220.36,33260,,
2015/05/20,221.21,221.56,220.35,221.56,3631,,
2015/05/21,220.85,221.71,219.83,221.45,9402,,
2015/05/22,221.32,223.35,220.34,222.63,36683,,
2015/05/25,,,,222.63,,,
2015/05/26,224.55,224.55,222.32,222.55,7100,,
2015/05/27,222.71,224.23,222.12,223.92,18898,,
2015/05/28,223.38,223.79,222.54,223.1,75104,,
2015/05/29,222.98,222.98,220.08,220.08,4021,,
2015/06/01,221.55,222.64,221.33,221.51,1562,,
2015/06/02,221.07,221.07,216.68,217.81,23428,,
2015/06/03,217.96,219.36,216.52,216.73,47311,,
2015/06/04,215.98,216.13,212.76,214.59,115096,,
2015/06/05,214.31,216.55,213.6,215.81,12207,,
2015/06/08,214.96,215.01,212.97,212.97,1716,,
2015/06/09,211.43,212.12,210.44,211.7,15444,,
2015/06/10,211.36,214.06,210.75,213.98,11980,,
2015/06/11,214.31,216.73,214.31,215.62,1600,,
2015/06/12,215.35,216.49,213.74,213.91,2469,,
2015/06/15,213.65,213.65,212.01,212.38,188670,,
2015/06/16,210.52,213.58,210.4,213.39,14747,,
2015/06/17,213.5,213.79,213.01,213.41,2343,,
2015/06/18,212.05,212.89,210.25,212.89,8736,,
2015/06/19,213.84,215.1,213.64,213.84,2124,,
2015/06/22,214.51,216.01,214.47,215.33,4272,,
2015/06/23,217.74,219.48,217.54,218.4,5665,,
2015/06/24,218.84,218.84,217.54,218.28,11900,,
2015/06/25,217.28,218.28,216.6,217.57,12920,,
2015/06/26,216.13,217.7,215.8,217.34,4957,,
2015/06/29,214.07,215.48,212.91,212.91,721,,
2015/06/30,212.58,213.3,211.5,211.5,2706,,
2015/07/01,213.43,215.59,213.43,214.9,1173,,
2015/07/02,215.34,215.8,214.22,214.36,558,,
2015/07/03,214.49,214.49,213.49,214.03,6707,,
2015/07/06,212.72,214.12,212.1,213.31,13610,,
2015/07/07,214.87,215.57,212.01,212.01,626,,
2015/07/08,211.52,212.29,210.27,210.27,3298,,
2015/07/09,210.78,213.44,210.78,212.88,3456,,
2015/07/10,213.61,213.61,212.02,213.19,69745,,
2015/07/13,214.27,218,214.06,217.69,993,,
2015/07/14,218.55,219.06,217.7,219.06,38352,,
2015/07/15,219.79,220.51,218.95,220.51,1452,,
2015/07/16,221.28,223.5,221.28,222.87,4466,,
2015/07/17,223.3,223.55,222.84,223.54,4890,,
2015/07/20,223.63,224.73,223.63,224.08,3797,,
2015/07/21,224.55,224.55,221.23,221.65,2754,,
2015/07/22,220.18,221,220.18,220.95,317,,
2015/07/23,221.2,221.2,219.28,219.28,4155,,
2015/07/24,218.92,219.95,217.53,217.69,723,,
2015/07/27,216.2,216.2,212.51,212.57,2712,,
2015/07/28,214.62,215.37,213.67,214.98,4086,,
2015/07/29,216.18,217.32,215.66,217.32,3577,,
2015/07/30,218.84,219.23,218.22,219.23,3481,,
2015/07/31,219.51,219.6,216.96,218.38,6161,,
2015/08/03,219.23,219.43,218.46,219.23,100901,,
2015/08/04,218.78,219.06,218,218.89,270,,
2015/08/05,220.17,222.2,220.17,222.03,4873,,
2015/08/06,220.16,221,218.86,218.86,199,,
2015/08/07,217.8,219.53,216.99,216.99,309,,
2015/08/10,218.18,219.2,217.32,219.2,553,,
2015/08/11,218.67,218.67,215.21,215.21,1823,,
2015/08/12,213.4,213.4,209.79,210.34,4891,,
2015/08/13,214.45,215.13,213.3,213.3,2524,,
2015/08/14,213.43,214,212.16,213.6,1355,,
2015/08/17,215.54,215.69,213.45,215.05,331,,
2015/08/18,215.41,215.85,215.14,215.85,447,,
2015/08/19,214.91,214.91,212.27,212.27,405,,
2015/08/20,211.32,211.32,207.48,207.84,1691,,
2015/08/21,203.75,205.06,199.87,199.87,2459,,
2015/08/24,191.03,192.96,179.65,187.08,5642,,
2015/08/25,189.1,195.2,188.67,194.1,20083,,
2015/08/26,189.5,194.16,189,190.12,25450,,
2015/08/27,195.95,201,195.95,200.14,28838,,
2015/08/28,200.92,202.01,198.91,202.01,3670,,
2015/08/31,201.1,201.1,199.21,200.74,3614,,
2015/09/01,196.45,196.45,193.55,195.12,11661,,
2015/09/02,195.29,196.8,193.84,194.94,28037,,
2015/09/03,197.26,200.99,196.92,200.79,7784,,
2015/09/04,197.85,197.86,195,195.84,2336,,
2015/09/07,197.67,197.87,195.9,196.34,4188,,
2015/09/08,197.26,199.24,197.26,198.08,18684,,
2015/09/09,202.24,203.17,200.61,200.93,7001,,
2015/09/10,198.16,199.58,196.62,196.84,13797,,
2015/09/11,196.97,196.97,195.09,195.09,50238,,
2015/09/14,195.67,197.18,195.64,195.64,4036,,
2015/09/15,196.05,197.68,195,197.67,453,,
2015/09/16,199.13,199.98,199,199.79,10585,,
2015/09/17,200.32,200.32,199.26,199.96,4930,,
2015/09/18,197.94,198,194.73,196.33,7294,,
2015/09/21,196.24,199.89,196.02,199.18,18953,,
2015/09/22,199.01,199.01,195.08,195.08,1141,,
2015/09/23,195.66,197.19,195,195.16,10268,,
2015/09/24,194.21,195.66,190,190.93,4100,,
2015/09/25,195.17,197.69,195.17,195.97,1375,,
2015/09/28,195.59,195.59,190.64,190.64,107492,,
2015/09/29,187.97,190.22,185.41,188.92,12563,,
2015/09/30,191.19,193.75,191.05,193.75,9050,,
2015/10/01,196.26,196.36,192.91,193.01,17564,,
2015/10/02,194.95,196,190.04,192.75,4871,,
2015/10/05,197,199.5,196.44,199.47,39392,,
2015/10/06,199.76,200.2,198.76,199.49,5146,,
2015/10/07,200.69,202,200.01,200.01,36344,,
2015/10/08,200.05,201.06,199.29,200.84,3317,,
2015/10/09,202.9,202.9,201.45,201.5,5929,,
2015/10/12,201.71,201.8,200.6,201.21,5851,,
2015/10/13,201.17,201.17,199.22,200.56,6154,,
2015/10/14,198.32,199.25,197.51,197.51,20716,,
2015/10/15,198.47,200.37,198.35,199.8,6598,,
2015/10/16,201.69,202.9,201.69,202.46,4825,,
2015/10/19,202.25,203.29,202.2,202.93,2631,,
2015/10/20,203.02,203.02,201.68,202.4,4348,,
2015/10/21,202.6,203.05,202.1,202.69,9093,,
2015/10/22,201.69,207.21,201.69,207.19,3877,,
2015/10/23,209.07,212.23,209.07,211.84,48790,,
2015/10/26,211.35,212.06,210.86,211.23,1176,,
2015/10/27,210.38,210.82,209.7,209.8,10311,,
2015/10/28,210.3,211.68,209.9,211.45,27430,,
2015/10/29,213.77,213.77,212.3,213.03,1494,,
2015/10/30,213.37,213.37,211.03,212.07,16026,,
2015/11/02,210.37,212.43,210.37,212.38,1065,,
2015/11/03,213.02,214.77,213,214.73,129176,,
2015/11/04,215.29,217.06,215.29,216.12,1278,,
2015/11/05,216.4,216.91,215.23,215.41,2744,,
2015/11/06,215.23,218,215.09,216.85,120737,,
2015/11/09,217.06,217.16,214.57,214.57,4021,,
2015/11/10,215.5,216.45,214.98,216.1,6709,,
2015/11/11,216.2,217.28,216.05,216.17,1543,,
2015/11/12,215.9,217.18,213.4,213.46,64059,,
2015/11/13,212.56,212.56,210.73,211.67,4588,,
2015/11/16,210.14,212.07,210.14,211.79,486,,
2015/11/17,214.85,217.1,214.85,217.1,13874,,
2015/11/18,215.15,217.08,215.15,217.08,14035,,
2015/11/19,218.32,219.04,217.13,217.13,1685,,
2015/11/20,218.34,219.6,217.77,219.28,61238,,
2015/11/23,219.24,220,218.84,219.84,82288,,
2015/11/24,218.68,218.68,216.44,217.7,6790,,
2015/11/25,217.72,220.28,217.72,219.65,44224,,
2015/11/26,219.97,221,219.97,220.92,32753,,
2015/11/27,219.48,220.69,219.23,220.2,5900,,
2015/11/30,219.93,221,219.68,220.3,2398,,
2015/12/01,221.2,221.2,220.2,220.2,74434,,
2015/12/02,220.99,221.93,220.99,221.05,42897,,
2015/12/03,220.56,221.81,212,212.51,26505,,
2015/12/04,212.42,212.68,209.91,212.68,1024,,
2015/12/07,213.7,215.88,212.8,212.8,5739,,
2015/12/08,212.39,212.39,209.28,210.5,2904,,
2015/12/09,210.4,210.86,208.02,208.94,12825,,
2015/12/10,207.38,209,207.38,208.76,4782,,
2015/12/11,208.2,208.2,203.86,204.45,1679,,
2015/12/14,204.7,205.86,200.95,200.95,68470,,
2015/12/15,203,207.52,203,207.26,17180,,
2015/12/16,208.28,209.13,207.46,207.7,10097,,
2015/12/17,211.58,212.72,210.21,210.48,2899,,
2015/12/18,207.25,209.07,206.95,207.49,9500,,
2015/12/21,206.4,207.74,204.78,204.78,59935,,
2015/12/22,206.96,206.98,205.02,205.25,19033,,
2015/12/23,208.08,210.65,208.03,210.65,18568,,
2015/12/24,,,,210.65,,,
2015/12/28,211,211,207.83,207.83,8727,,
2015/12/29,209.79,212.18,209.79,212.18,2637,,
2015/12/30,211.51,211.97,211.21,211.62,1322,,
2016/01/04,206.93,206.93,204.65,205.96,7209,,
2016/01/05,207.86,208.76,206.68,208.76,9358,,
2016/01/06,207.45,207.45,204.8,206.09,185515,,
2016/01/07,201.79,202.14,198.18,200.95,12633,,
2016/01/08,200.55,201.58,196.71,196.71,2082,,
2016/01/11,196.21,198.24,195.55,195.55,183167,,
2016/01/12,195.44,199.1,195,197.35,4517,,
2016/01/13,200.02,200.65,197.43,198.26,53317,,
2016/01/14,194.89,195.93,191.7,194.72,143576,,
2016/01/15,195.21,195.21,189.45,190.18,24789,,
2016/01/18,191.73,192.92,190.49,190.85,31347,,
2016/01/19,194.39,195,191.87,192.45,1145,,
2016/01/20,187.32,187.85,185,186.08,45764,,
2016/01/21,187.6,191.45,186.4,190.88,10944,,
2016/01/22,193.33,195.89,193.12,194.71,11634,,
2016/01/25,195.34,195.34,193.59,193.89,29721,,
2016/01/26,190.37,194.7,190,194.19,26856,,
2016/01/27,193.77,195.02,193.38,195.02,6073,,
2016/01/28,194.17,194.64,191.12,191.86,8487,,
2016/01/29,195.26,197.27,193.86,197.27,2069,,
2016/02/01,198.08,198.08,195.44,197.32,23045,,
2016/02/02,196.89,196.9,193.86,194.76,876,,
2016/02/03,193.58,193.73,188.33,189.63,82756,,
2016/02/04,192.06,192.06,188.15,189.59,280709,,
2016/02/05,189.55,190.5,188.04,188.04,5699,,
2016/02/08,188.41,188.41,182.1,182.77,7783,,
2016/02/09,183.76,184.34,179.52,180.63,8692,,
2016/02/10,181.54,185.25,180.85,183.15,21288,,
2016/02/11,180.34,180.34,176.11,176.11,16329,,
2016/02/12,179.25,182.18,179.25,182.18,14697,,
2016/02/15,185.39,187.15,185.39,186.87,217398,,
2016/02/16,187.88,187.88,185.99,186.65,1155,,
2016/02/17,186.7,191.14,186.7,191.08,8354,,
2016/02/18,191.88,193.13,191,191.66,35651,,
2016/02/19,191.05,191.66,189.78,190.51,3032,,
2016/02/22,192.51,195.58,192.51,194.6,8633,,
2016/02/23,193.34,194.45,192.29,192.29,2273,,
2016/02/24,192.47,192.47,188.3,188.97,10694,,
2016/02/25,192.47,193.39,192.39,192.74,17075,,
2016/02/26,195.33,197.26,195.33,196.53,61473,,
2016/02/29,194.04,197.81,194.04,197.81,3664,,
2016/03/01,196.45,199.47,196.37,199.47,4691,,
2016/03/02,200.74,201.49,200.28,201.46,12418,,
2016/03/03,201.59,201.7,200.16,200.16,10566,,
2016/03/04,201.42,202.35,200.3,201.53,3858,,
2016/03/07,201.23,201.97,200.5,201.42,281,,
2016/03/08,199.41,200.26,199.1,199.1,1027,,
2016/03/09,199.96,201.39,199.25,200.06,9582,,
2016/03/10,200.72,204.14,195.92,195.92,1363,,
2016/03/11,199.44,201,199.44,200.63,77915,,
2016/03/14,201.52,202.23,201.47,201.91,263,,
2016/03/15,200.81,200.81,200.34,200.34,50290,,
2016/03/16,201.31,201.64,200.5,201.22,15381,,
2016/03/17,200.64,200.64,197.76,200.03,6740,,
2016/03/18,200.47,201.41,200.47,201.3,2529,,
2016/03/21,200.6,201.75,200.58,201.51,9209,,
2016/03/22,201.18,202.36,201,202.36,2697,,
2016/03/23,202.7,202.73,201.35,202.08,774,,
2016/03/24,200.71,200.71,199.59,199.62,67310,,
2016/03/29,201.17,201.29,199.49,200.46,2807,,
2016/03/30,201.14,202.3,201.14,201.63,853,,
2016/03/31,200.81,200.81,199.92,199.99,23540,,
2016/04/01,198.26,198.78,196.63,198.78,2238,,
2016/04/04,199.09,200.56,198.8,199.35,4128,,
2016/04/05,197.72,197.72,196.45,196.45,377,,
2016/04/06,197.31,197.89,196.5,197.58,770,,
2016/04/07,197.66,198.21,196.59,196.81,1183,,
2016/04/08,198.46,199.24,197.94,197.94,1440,,
2016/04/11,197.47,199.1,197,197.97,20361,,
2016/04/12,198.07,199.51,198,199.51,470935,,
2016/04/13,201.44,204.21,201.4,204.21,5631,,
2016/04/14,204.73,205.59,204.34,205.59,235,,
2016/04/15,205.05,205.12,204.22,204.5,196,,
2016/04/18,202.55,204.8,202.3,204.66,606,,
2016/04/19,205.52,206.65,205.52,206.05,794,,
2016/04/20,205.96,207.41,205.49,207.41,33753,,
2016/04/21,208.27,208.27,207,207.32,272,,
2016/04/22,207.13,207.41,207,207.17,1635,,
2016/04/25,207.75,207.75,205.8,206.03,1177,,
2016/04/26,207,207.21,205.9,206.08,525,,
2016/04/27,205.7,206.16,205.16,206.16,425,,
2016/04/28,204.56,206.28,203.36,206.28,5638,,
2016/04/29,203.27,203.66,200.45,200.45,1296,,
2016/05/02,202.07,202.07,200.6,201.1,767,,
2016/05/03,200.7,200.7,198.41,198.57,3152,,
2016/05/04,198.61,199.06,197.56,197.56,2654,,
2016/05/05,198.87,199.94,198.87,199.35,3554,,
2016/05/06,198.22,198.68,197.46,198.43,121,,
2016/05/09,199.78,201,199.43,199.43,52,,
2016/05/10,201.32,201.92,200.96,201.83,4426,,
2016/05/11,201.61,201.61,200.9,200.9,3570,,
2016/05/12,200.4,202.23,199.99,200.21,158,,
2016/05/13,199.98,202.16,199.87,202.16,1804,,
2016/05/16,200.46,201.61,200.46,201.55,78,,
2016/05/17,202.88,203,201.65,201.65,979,,
2016/05/18,201.29,202.3,201,202.3,54,,
2016/05/19,201.8,202,200.67,200.67,194,,
2016/05/20,202.29,203.44,202.25,203.44,19703,,
2016/05/23,202.67,203.69,202.1,202.76,1218,,
2016/05/24,202.11,206.24,202,206.14,16589,,
2016/05/25,207.06,208.47,207.06,207.89,17361,,
2016/05/26,207.81,208.12,207.34,207.63,20942,,
2016/05/27,207.61,208.99,207.61,208.99,487,,
2016/05/30,209.57,209.68,209.32,209.49,138,,
2016/05/31,209.74,209.74,208.46,208.46,2842,,
2016/06/01,208.5,208.5,206.71,207.26,881,,
2016/06/02,206.8,208.03,206.57,207.68,17295,,
2016/06/03,208.78,209.14,204.24,204.92,1733,,
2016/06/06,205.88,206.36,205.47,206.07,3583,,
2016/06/07,206.76,207.87,206.76,207.87,3406,,
2016/06/08,206.88,207.21,206.52,206.91,401,,
2016/06/09,206.49,207,206,206.52,6394,,
2016/06/10,206.52,206.52,204.5,205.05,20460,,
2016/06/13,204.04,204.06,203.03,203.03,1896,,
2016/06/14,202.33,202.59,201.39,201.39,7516,,
2016/06/15,202.37,203.09,202.3,202.3,1642,,
2016/06/16,200.02,201.78,199.73,201.75,17150,,
2016/06/17,202,202.62,201.22,201.41,439,,
2016/06/20,203.59,205.41,203.59,205.27,802,,
2016/06/21,204.61,206,204.37,205.67,2891,,
2016/06/22,206.25,206.5,205.25,205.97,2241,,
2016/06/23,205.61,206.98,205.61,206.81,7036,,
2016/06/24,199.36,204.78,199.36,202.72,1171,,
2016/06/27,202.01,202.01,197.91,198.38,3067,,
2016/06/28,199.92,201.43,199.6,200.44,1972,,
2016/06/29,202.76,204.39,202.11,204.39,1054,,
2016/06/30,204.47,206.11,204.47,205.99,1794,,
2016/07/01,207.68,208,206.12,207.35,1840,,
2016/07/04,208.32,208.37,207.11,207.11,837,,
2016/07/05,206.7,206.7,204.94,205.89,3718,,
2016/07/06,205.63,205.63,204.42,204.97,3930,,
2016/07/07,206.59,207.45,206.52,206.69,2860,,
2016/07/08,206.52,209.55,206.47,209.55,47309,,
2016/07/11,210.68,211.96,210.44,211.82,1389,,
2016/07/12,211.44,213.31,211.06,213.31,74526,,
2016/07/13,213.08,213.39,211.89,211.89,3216,,
2016/07/14,213.5,213.73,212.94,213.73,17084,,
2016/07/15,212.6,214.15,212.21,213.95,26719,,
2016/07/18,214.67,214.89,213.77,214.03,23274,,
2016/07/19,213.82,214.66,213.23,214.58,3438,,
2016/07/20,215.63,216.24,215.27,216.24,39163,,
2016/07/21,215.79,216.32,215.01,215.81,9783,,
2016/07/22,215.04,216.15,214.61,216.15,1893,,
2016/07/25,216.39,216.9,215.58,215.74,573,,
2016/07/26,215.7,216.28,215.07,215.67,1784,,
2016/07/27,216.71,216.73,215.8,216.03,1035,,
2016/07/28,214.46,214.98,213.54,213.54,1615,,
2016/07/29,214.51,214.91,213.23,214.14,1138,,
2016/08/01,215.35,215.35,213.67,214.1,1243,,
2016/08/02,213.19,213.19,210.83,210.83,1136,,
2016/08/03,211.25,211.96,210.82,211.82,2410,,
2016/08/04,213.19,213.51,212.86,213.51,1483,,
2016/08/05,213.95,216.19,213.57,215.96,2915,,
2016/08/08,216.05,216.68,215.99,216.25,1217,,
2016/08/09,216.13,216.89,216.1,216.87,2856,,
2016/08/10,215.83,216.33,215.21,215.21,3176,,
2016/08/11,215.9,216.69,215.67,216.69,1281,,
2016/08/12,216.73,216.8,215.97,216.37,5103,,
2016/08/15,216.45,216.82,216.45,216.68,6996,,
2016/08/16,215.21,215.31,214.29,214.29,220,,
2016/08/17,214.55,214.55,213.15,213.15,3462,,
2016/08/18,213.75,213.75,213.06,213.61,1289,,
2016/08/19,213.18,213.18,212.56,212.94,508,,
2016/08/22,213.31,214.14,212.92,212.92,1061,,
2016/08/23,213.31,214.34,213.29,214.34,12050,,
2016/08/24,213.79,215.31,213.79,214.89,3249,,
2016/08/25,213.88,215.99,213,213.74,1515,,
2016/08/26,213.34,214.76,213.15,214.63,953,,
2016/08/29,214.19,215.39,213.97,215.31,718,,
2016/08/30,215.66,216.08,215.57,215.68,1850,,
2016/08/31,215.59,216.21,214.72,214.72,2757,,
2016/09/01,216.01,216.43,213.55,213.97,5158,,
2016/09/02,214.87,217,214.4,216.89,23928,,
2016/09/05,217.23,217.5,216.97,217.18,4670,,
2016/09/06,217.64,217.64,215.74,216.07,1195,,
2016/09/07,216.68,216.89,216.39,216.45,1297,,
2016/09/08,216.48,216.75,214.95,215.83,1849,,
2016/09/09,215.16,215.26,213.68,213.81,1389,,
2016/09/12,209.88,211.92,209,211.92,2015,,
2016/09/13,212.8,212.8,209.97,209.97,1028,,
2016/09/14,210.93,211.01,210.01,210.01,2085,,
2016/09/15,209.75,211.59,209.5,211.59,987,,
2016/09/16,211.46,212,210.75,211.51,3266,,
2016/09/19,212.89,213.37,212.86,213.13,912,,
2016/09/20,212.57,213.41,212.5,212.99,303,,
2016/09/21,214.68,214.99,214.11,214.13,1456,,
2016/09/22,214.71,216.36,214.67,216.09,3801,,
2016/09/23,216.12,216.12,215.36,215.4,7427,,
2016/09/26,214.18,214.18,212.2,212.2,770,,
2016/09/27,213.95,214,212.8,214,622,,
2016/09/28,214.92,215.15,213.78,214.19,983,,
2016/09/29,215.62,215.67,214.47,214.63,1225,,
2016/09/30,212.93,214.94,212.81,214.94,3476,,
2016/10/03,214.48,215,214,214.45,1032,,
2016/10/04,215.43,216.16,215.3,215.74,1653,,
2016/10/05,213.54,215.01,213.29,214.73,1933,,
2016/10/06,215.09,215.09,214.29,214.39,741,,
2016/10/07,215.2,215.25,213.81,214.01,17472,,
2016/10/10,214.3,215.73,213.69,215.73,982,,
2016/10/11,215.35,216.19,214.57,214.71,1043,,
2016/10/12,214.77,215.37,214.6,215.34,462,,
2016/10/13,213.52,213.52,212.5,213.34,600,,
2016/10/14,214.62,216.07,214.46,215.6,482,,
2016/10/17,214.85,215.06,214.09,214.61,1492,,
2016/10/18,215.14,216.8,215.08,216.46,928,,
2016/10/19,216.41,217.68,216.2,217.64,1053,,
2016/10/20,217.63,218,215.72,217.66,4850,,
2016/10/21,217.93,218.42,217.72,218.4,768,,
2016/10/24,219.32,219.68,219.04,219.18,2317,,
2016/10/25,219.62,219.75,218.71,218.78,1703,,
2016/10/26,218,218,216.41,217.96,1212,,
2016/10/27,217.26,218.22,216.83,217.4,9995,,
2016/10/28,216.17,217.12,215.93,216.94,18938,,
2016/10/31,216.27,216.3,215.98,216.08,3033,,
2016/11/01,216.08,216.08,212.83,212.83,18558,,
2016/11/02,211.56,211.84,210.39,210.52,16897,,
2016/11/03,209.96,211.59,209.96,210.21,1389,,
2016/11/04,209.44,209.44,208.7,209.23,8521,,
2016/11/07,212.17,213.22,211.79,213.01,69377,,
2016/11/08,213.43,214.22,212.94,214.22,2036,,
2016/11/09,207.26,217.29,207.26,217.29,8282,,
2016/11/10,219.12,220.75,217.9,218.46,5554,,
2016/11/11,219.22,219.22,217.5,218.26,970,,
2016/11/14,220.79,221.58,219.7,220.54,48165,,
2016/11/15,220.55,221.5,219.74,221.34,9762,,
2016/11/16,222.57,222.57,221.34,222.41,797,,
2016/11/17,222.11,223.87,221.66,223.87,155776,,
2016/11/18,224.64,224.66,223.7,224.29,1633,,
2016/11/21,224.49,225.23,223.3,225.23,3630,,
2016/11/22,226.24,226.51,225.24,225.24,2077,,
2016/11/23,225.97,227.37,225.38,226.61,3891,,
2016/11/24,227.35,227.6,226.57,227.25,2917,,
2016/11/25,227.02,227.02,226.13,226.84,2561,,
2016/11/28,226.02,227.22,224.79,226.69,9849,,
2016/11/29,226.07,226.96,225.77,226.5,93432,,
2016/11/30,226.37,227.5,225.76,227.49,51106,,
2016/12/01,225.84,226.29,225.14,225.53,1489,,
2016/12/02,223.71,224.63,223.5,224.28,13305,,
2016/12/05,225.74,226.04,224.15,224.58,31589,,
2016/12/06,223.85,224.87,223.49,224.8,1105,,
2016/12/07,226.29,226.36,225.58,226.11,3518,,
2016/12/08,227.74,231.2,225.11,231.03,1009,,
2016/12/09,231.63,233.75,231.25,233.48,3623,,
2016/12/12,233.8,233.8,232.33,232.88,10868,,
2016/12/13,232.25,233.64,232,233.35,3836,,
2016/12/14,233.25,233.75,232.71,232.72,6353,,
2016/12/15,234.51,237.3,234.02,237.05,41584,,
2016/12/16,236.01,236.66,235.01,235.73,6602,,
2016/12/19,235.68,236.29,235.47,235.84,898,,
2016/12/20,237,238.07,237,237.8,5111,,
2016/12/21,237.31,237.37,236.17,236.49,1744,,
2016/12/22,236,236.06,234.5,235.35,33043,,
2016/12/23,236.1,236.18,235.3,235.67,9615,,
2016/12/27,236.31,236.68,235.56,236.04,5161,,
2016/12/28,236.34,237.34,236.08,237.04,1747,,
2016/12/29,234.87,235,233.9,234.06,19851,,
2016/12/30,234.31,234.31,232.23,232.5,36314,,
2017/01/02,233.5,236.07,233.5,235.69,5746,,
2017/01/03,235.84,238.02,235.84,236.34,6920,,
2017/01/04,237.59,237.59,236.64,237.01,1083,,
2017/01/05,235.8,237.03,234.94,235.13,4338,,
2017/01/06,235.58,236.73,234.96,236.56,2756,,
2017/01/09,237.3,237.3,236,236.18,5993,,
2017/01/10,235.7,236.14,234.93,236.14,1767,,
2017/01/11,236.17,238.25,235.67,237,1061,,
2017/01/12,234.93,235.25,233.27,233.59,1433,,
2017/01/13,234.99,236.26,234.6,236.26,41810,,
2017/01/16,235.73,236.15,235.26,235.55,6381,,
2017/01/17,234.22,234.22,233,233.35,3298,,
2017/01/18,234.34,234.34,233.66,234.05,478,,
2017/01/19,234.86,235.47,233.76,234.73,950,,
2017/01/20,233.84,235.06,233.56,234.45,1077,,
2017/01/23,232.36,233.15,231.88,231.97,4038,,
2017/01/24,232.65,232.94,232.2,232.77,11023,,
2017/01/25,234.5,235.9,234.41,235.56,3146,,
2017/01/26,236.79,237.39,236.55,237.39,2048,,
2017/01/27,237.31,237.31,235.9,236.32,1367,,
2017/01/30,235.82,236.44,233.75,234.12,1283,,
2017/01/31,233.92,234.59,231.72,231.72,2855,,
2017/02/01,233.6,234.73,233.28,233.6,577,,
2017/02/02,232.48,233.38,232.01,233.08,5708,,
2017/02/03,233.93,234.88,233.89,234.59,123916,,
2017/02/06,235.06,235.82,234.65,234.96,6846,,
2017/02/07,235.66,236.66,235.66,235.96,1113,,
2017/02/08,237.09,237.09,235.53,235.86,1979,,
2017/02/09,236.46,238.04,235.98,238.02,2352,,
2017/02/10,239,239.56,238.63,239.1,3839,,
2017/02/13,239.82,241.4,239.44,241.04,32546,,
2017/02/14,241.01,241.67,240.58,241.41,2367,,
2017/02/15,242.59,243.2,242.28,242.81,1411,,
2017/02/16,243.02,243.02,240.74,241.25,981,,
2017/02/17,241.69,241.92,240.57,241.92,979,,
2017/02/20,243.02,243.35,242.65,243.08,7394,,
2017/02/21,243.26,245.83,243.26,245.14,1839,,
2017/02/22,246.5,246.5,245.28,245.38,15916,,
2017/02/23,245.22,245.58,244,244.55,2151,,
2017/02/24,244.25,244.48,242.31,243.36,1986,,
2017/02/27,244.48,244.59,243.15,243.18,10863,,
2017/02/28,244.07,244.18,243.24,243.25,808,,
2017/03/01,245.62,247.14,245.41,247.04,5270,,
2017/03/02,247.11,248,246.98,247.03,899,,
2017/03/03,246.34,246.34,245.4,245.95,2469,,
2017/03/06,244.44,245.03,243.65,244.61,26163,,
2017/03/07,244.71,245.25,244.43,244.47,1080,,
2017/03/08,244.51,245.23,244.4,244.96,49314,,
2017/03/09,244.49,244.58,243.2,244.11,1372,,
2017/03/10,244.58,244.75,242.84,243.11,11084,,
2017/03/13,243.16,243.88,242.9,243.88,6724,,
2017/03/14,243.99,243.99,242.75,243.18,1202,,
2017/03/15,243.71,244.57,243.71,244.45,33346,,
2017/03/16,244.98,245.17,243.7,244.03,3794,,
2017/03/17,243.37,244.23,242.91,243.94,1759,,
2017/03/20,243.17,243.66,243.01,243.39,27417,,
2017/03/21,243,243,240.22,240.47,3259,,
2017/03/22,238.63,239.92,238.54,239.66,34592,,
2017/03/23,240.07,241.47,240,241.39,1076,,
2017/03/24,240.65,240.93,239.95,240.51,42546,,
2017/03/27,237.6,238.26,236.55,238.26,1169,,
2017/03/28,239.39,240.32,238.78,240.28,3334,,
2017/03/29,241.63,242.83,241.46,242.74,2194,,
2017/03/30,243.21,244.38,242.88,244.38,1507,,
2017/03/31,243.83,244.5,243.46,244.5,3179,,
2017/04/03,245.08,245.14,243.45,243.45,20818,,
2017/04/04,243.7,244.23,243.5,244.05,81620,,
2017/04/05,243.57,245.74,243.57,244.98,1469,,
2017/04/06,242.9,244.32,242.9,244.32,1865,,
2017/04/07,243.89,244.92,243.8,244.92,320,,
2017/04/10,245.67,245.9,245.07,245.07,1273,,
2017/04/11,245.36,245.47,243.7,243.94,1051,,
2017/04/12,245.02,245.62,244.4,244.41,1003,,
2017/04/13,243.8,244.16,243.13,243.86,2977,,
2017/04/18,244.02,244.02,241.55,241.55,927,,
2017/04/19,240.09,242.48,240.09,242.27,2830,,
2017/04/20,240.82,241.44,240.79,241.31,547,,
2017/04/21,242.79,243.33,242.71,242.83,797,,
2017/04/24,242.99,243.45,242.5,242.76,22659,,
2017/04/25,243.07,243.27,242.68,242.78,8868,,
2017/04/26,242.91,244.8,242.78,244.8,1639,,
2017/04/27,243.18,244.39,243.14,243.88,1734,,
2017/04/28,243.63,243.74,242.78,243.18,608,,
2017/05/02,243.52,244.03,243.21,243.88,14987,,
2017/05/03,243.36,243.48,242.87,243.18,5022,,
2017/05/04,243.97,244.12,242.99,243.54,3028,,
2017/05/05,242.4,243.51,242.29,243.12,51648,,
2017/05/08,244.11,244.81,243.74,244.81,1162,,
2017/05/09,245.45,246.1,244.94,245.8,12076,,
2017/05/10,245.4,246.17,245.07,246.17,5515,,
2017/05/11,245.99,245.99,244.58,245.13,20911,,
2017/05/12,245.18,245.4,244,244.52,2324,,
2017/05/15,244.76,245.05,244,244.84,2606,,
2017/05/16,244.06,244.06,242.53,243.09,34192,,
2017/05/17,241.19,241.93,238.99,239.33,202239,,
2017/05/18,239.07,239.39,237.2,239.09,2513,,
2017/05/19,239.04,239.64,238.63,239.52,1736,,
2017/05/22,240.03,240.25,238.87,239.64,11293,,
2017/05/23,239.48,240.44,239.36,240.24,1819,,
2017/05/24,240.5,241.15,240.5,241.09,801,,
2017/05/25,241.31,241.67,240.6,241.42,650,,
2017/05/26,241.19,242,240.8,241.95,1859,,
2017/05/29,242.17,242.17,241.75,241.97,1012,,
2017/05/30,242.31,242.38,241.32,241.5,13399,,
2017/05/31,241.67,241.75,240.16,240.16,37926,,
2017/06/01,240.92,241.78,240.92,241.63,560,,
2017/06/02,243.13,243.86,241.94,242.36,459,,
2017/06/05,242.8,243.2,242.43,242.75,6359,,
2017/06/06,242.01,242.5,241.6,241.87,417,,
2017/06/07,241.85,243.37,241.58,242.04,745,,
2017/06/08,242.55,242.95,242.17,242.68,1150,,
2017/06/09,243,244.3,243,244.17,5548,,
2017/06/12,242.53,242.57,241.68,242.17,32080,,
2017/06/13,243.19,243.43,242.91,243.08,878,,
2017/06/14,243.75,244.42,242.12,242.12,708,,
2017/06/15,242.74,243.12,242.05,243.12,1276,,
2017/06/16,244.12,244.12,242.37,242.84,9942,,
2017/06/19,244.32,245.37,243.99,245.31,806,,
2017/06/20,246,246,244.9,245.1,1419,,
2017/06/21,244.08,244.5,243.58,244.04,1101,,
2017/06/22,243.38,244.42,242.86,244.42,12101,,
2017/06/23,243.91,243.96,242.9,243.5,17858,,
2017/06/26,244.24,244.66,243.5,243.63,11881,,
2017/06/27,243.53,243.54,241.29,241.61,2088,,
2017/06/28,239.2,241.1,238.5,240.75,4581,,
2017/06/29,240.8,240.8,237.96,237.96,1640,,
2017/06/30,237.98,239.21,237.5,237.83,3733,,
2017/07/03,238.82,240.18,238.81,240.16,18209,,
2017/07/04,239.34,240.08,239.06,239.6,348,,
2017/07/05,239.41,240.3,239.41,239.87,12107,,
2017/07/06,239.79,239.79,237.1,237.72,17764,,
2017/07/07,237,237.84,236.32,237.84,10558,,
2017/07/10,238.43,238.74,237.9,238.55,723,,
2017/07/11,238.89,239.07,236.85,237.09,9070,,
2017/07/12,237.38,240.32,237.38,239.98,1528,,
2017/07/13,239.86,241.35,239.78,240.94,507,,
2017/07/14,240.52,240.75,240.33,240.48,181,,
2017/07/17,241.06,241.49,240.48,241,631,,
2017/07/18,239.75,239.82,237.88,238.42,1601,,
2017/07/19,239.74,240.61,239.46,240.61,190,,
2017/07/20,241.3,241.84,238.5,238.83,1347,,
2017/07/21,238.75,239.12,237.38,237.82,4733,,
2017/07/24,238,238.11,237.38,237.64,40346,,
2017/07/25,237.9,238.66,237.7,238.63,484,,
2017/07/26,238.73,239.43,238.73,239.18,1413,,
2017/07/27,238.32,239.1,238,238.95,1386,,
2017/07/28,237.06,237.18,235.85,236.18,9362,,
2017/07/31,236.78,237.43,235.74,235.92,758,,
2017/08/01,236.32,236.99,236,236.51,74221,,
2017/08/02,236,236.21,234.75,234.99,1084,,
2017/08/03,235.12,235.53,234.93,234.93,895,,
2017/08/04,234.95,237.72,234.8,237.64,35091,,
2017/08/07,237.55,237.55,236.6,236.97,900,,
2017/08/08,236.42,238.38,236.24,238.29,725,,
2017/08/09,236.64,237.13,236.28,236.57,1235,,
2017/08/10,236.86,237.04,234.67,234.89,1785,,
2017/08/11,233.3,233.57,232.3,232.79,1448,,
2017/08/14,233.15,235.28,233.15,235.22,624,,
2017/08/15,236.27,236.82,235.72,235.91,311,,
2017/08/16,236.52,237.55,236.08,237.2,403,,
2017/08/17,236.02,237.01,235.31,235.31,467,,
2017/08/18,233.43,233.74,232.84,233.74,650,,
2017/08/21,233.08,233.18,231.37,231.87,1403,,
2017/08/22,233.52,234.35,232.91,234.35,9294,,
2017/08/23,234.83,235.09,233.22,233.6,752,,
2017/08/24,233.5,234.15,233.17,233.17,548,,
2017/08/25,233.82,234.14,232.54,232.54,1139,,
2017/08/28,231.27,232.04,230.74,230.74,610,,
2017/08/29,228.81,229.45,227.32,229.01,836,,
2017/08/30,231.01,232.01,230.89,231.72,1106,,
2017/08/31,233.01,234.47,232.68,233.9,1587,,
2017/09/01,234.79,235.33,233.7,234.93,44896,,
2017/09/04,233.56,233.86,233.15,233.46,548,,
2017/09/05,233.81,234.49,233.1,233.2,694,,
2017/09/06,232.69,233.19,232.15,232.85,466,,
2017/09/07,233.26,233.26,231.87,232.03,295,,
2017/09/08,231.16,232.45,231.16,232.23,642,,
2017/09/11,233.94,234.94,233.75,234.94,756,,
2017/09/12,235.17,236.61,235.17,235.85,9965,,
2017/09/13,235.81,237,235.36,236.9,8599,,
2017/09/14,236.82,237.26,236.76,237.26,1995,,
2017/09/15,236.56,236.61,235.26,235.86,1539,,
2017/09/18,237.12,237.43,236.39,236.8,4219,,
2017/09/19,236.05,236.98,236.03,236.74,4627,,
2017/09/20,236.5,236.62,236.28,236.55,2476,,
2017/09/21,237.92,238.08,237.29,237.29,41864,,
2017/09/22,236.59,236.72,236.1,236.5,6366,,
2017/09/25,237.4,238.43,237.28,238.1,3194,,
2017/09/26,238.35,239.82,238.35,239.48,1497,,
2017/09/27,239.99,241.19,239.99,240.23,633,,
2017/09/28,240.69,240.91,239.7,240.15,6598,,
2017/09/29,240.28,240.39,239.7,240.39,10297,,
2017/10/02,241.81,242.62,241.75,242.62,721,,
2017/10/03,243.37,243.37,242.57,242.86,364,,
2017/10/04,243.3,243.3,242.5,243.15,2234,,
2017/10/05,242.96,244.46,242.8,244.4,22717,,
2017/10/06,245,245.08,243.99,243.99,238,,
2017/10/09,244.62,244.73,244.03,244.26,66892,,
2017/10/10,243.59,244.05,243.21,243.43,1859,,
2017/10/11,243.41,243.41,242.75,243.04,2258,,
2017/10/12,243.22,243.45,242.78,243.43,18054,,
2017/10/13,243.62,244.46,243.42,244.04,1833,,
2017/10/16,244.97,245.19,244.58,244.58,42120,,
2017/10/17,245.38,245.99,244.98,245.23,17995,,
2017/10/18,245.64,246.2,245.48,245.54,481,,
2017/10/19,244.53,244.57,242.94,243.64,1552,,
2017/10/20,244.99,245.65,244.99,245.55,5993,,
2017/10/23,246.48,247.15,246.19,246.54,2024,,
2017/10/24,246.25,246.37,245.6,245.83,1624,,
2017/10/25,245.46,245.69,243.43,243.66,922,,
2017/10/26,243.8,246.81,243.66,246.8,1495,,
2017/10/27,248.11,249.81,248.11,249.81,2201,,
2017/10/30,249.07,249.54,248.7,248.78,1158,,
2017/10/31,248.95,249.25,248.69,249.04,1525,,
2017/11/01,249.81,250.64,249.81,250.31,1726,,
2017/11/02,249.67,249.91,247.82,249.14,2435,,
2017/11/03,249.64,250.78,249,250.78,1907,,
2017/11/06,250.53,251.45,250.37,251.33,2705,,
2017/11/07,251.99,252.4,251.63,251.75,1704,,
2017/11/08,251.57,251.78,251,251.47,729,,
2017/11/09,251.19,251.64,249.44,249.44,1369,,
2017/11/10,249.99,249.99,248.38,248.6,1476,,
2017/11/13,249.24,249.25,247.33,248.51,1278,,
2017/11/14,247.93,247.93,245.45,245.71,27343,,
2017/11/15,243.81,244.54,242.84,244.46,1585,,
2017/11/16,245.37,246.6,245,246.46,925,,
2017/11/17,246.17,246.25,245.49,245.65,3783,,
2017/11/20,245.77,247.09,245.03,247.09,8327,,
2017/11/21,247.11,249.04,246.81,248.64,1759,,
2017/11/22,248.46,249.07,247.74,247.74,1109,,
2017/11/23,246.36,247.24,246.36,246.93,2353,,
2017/11/24,247.33,247.33,245.92,245.92,144,,
2017/11/27,245.5,246.37,245.44,245.6,6876,,
2017/11/28,246.15,247.32,245.99,247.16,561,,
2017/11/29,248.54,249.75,248.32,248.4,1017,,
2017/11/30,248.37,249.58,248.26,248.38,973,,
2017/12/01,248.23,249.39,245.83,245.83,2106,,
2017/12/04,249.91,251,249.65,249.85,1934,,
2017/12/05,249.1,249.93,248.32,249.93,1918,,
2017/12/06,247.56,249.4,247.4,249.13,62547,,
2017/12/07,249.32,249.72,248.73,249.59,8897,,
2017/12/08,250.9,251.8,250.9,251.03,1127,,
2017/12/11,251.6,251.8,250.83,251.07,5222,,
2017/12/12,252.21,253.62,251.8,253.62,4548,,
2017/12/13,253.13,253.5,252.74,253.1,1410,,
2017/12/14,252.02,252.54,251.35,252.18,475,,
2017/12/15,251.52,252.87,251,252.87,29405,,
2017/12/18,254.09,254.39,253.72,254.39,18478,,
2017/12/19,254.42,254.65,253.29,253.29,1526,,
2017/12/20,253.3,253.32,251.1,251.7,619,,
2017/12/21,251.59,252.74,251.07,252.74,689,,
2017/12/22,252.99,253.2,252.56,252.7,5613,,
2017/12/27,253.53,253.53,251.97,252.41,3481,,
2017/12/28,251.62,252.03,251.29,251.3,930,,
2017/12/29,251.7,251.7,250.41,250.41,1183,,
2018/01/02,252.06,252.06,248.8,250.07,9116,,
2018/01/03,250.97,252.7,250.97,252.35,2071,,
2018/01/04,253.24,253.95,252.6,253.46,2986,,
2018/01/05,254.08,255.3,254.08,255.27,1170,,
2018/01/08,256.92,257.04,256.3,256.94,1849,,
2018/01/09,257.96,258.89,257.8,258.89,2214,,
2018/01/10,258.09,258.23,256.16,257.45,4539,,
2018/01/11,258.48,258.48,256.3,256.69,136523,,
2018/01/12,257.34,257.34,255.92,257.1,2391,,
2018/01/15,256.37,256.37,255,255.69,4747,,
2018/01/16,256.27,257.43,255.92,256.42,1946,,
2018/01/17,255.56,256.5,255.22,256.07,5747,,
2018/01/18,256.96,256.96,255.91,256.4,612,,
2018/01/19,255.99,257.28,255.83,257.13,1100,,
2018/01/22,257.36,258.27,256.93,257.94,1339,,
2018/01/23,259.33,259.96,258.43,259.2,2216,,
2018/01/24,258.71,258.89,257.06,257.06,2884,,
2018/01/25,256.59,257.59,254.35,255.23,6549,,
2018/01/26,255.68,257.52,255.64,257.52,3158,,
2018/01/29,258.47,259.02,257.5,258.43,1595,,
2018/01/30,257.1,257.25,254,255.2,3245,,
2018/01/31,254.94,255.1,253.9,254.25,1376,,
2018/02/01,255.52,255.52,252.69,253.11,3927,,
2018/02/02,252.01,252.01,250.6,250.6,2376,,
2018/02/05,247.05,248.12,245.94,247.34,5049,,
2018/02/06,238.75,243.46,235.65,238.31,28536,,
2018/02/07,241.67,247.1,240.93,246.37,6513,,
2018/02/08,244.22,244.71,241.2,241.46,3330,,
2018/02/09,239.33,240.16,235.76,237.3,5963,,
2018/02/12,239.86,241.96,239.86,240.73,1872,,
2018/02/13,240.52,240.52,238.95,239.25,6944,,
2018/02/14,241.25,241.73,239.49,241.1,2904,,
2018/02/15,242.57,243.81,241.45,242.29,1506,,
2018/02/16,244.46,246.37,244.41,246.22,1151,,
2018/02/19,246.86,247.14,245.35,245.6,1235,,
2018/02/20,246.06,247.01,245.29,247.01,909,,
2018/02/21,246.14,247.8,245.22,247.8,683,,
2018/02/22,245.1,247,244.82,247,955,,
2018/02/23,247.42,247.58,246.22,247.58,1789,,
2018/02/26,249.65,250.32,249.58,250.23,4692,,
2018/02/27,251.17,251.95,250.46,251.43,3466,,
2018/02/28,250.29,251.49,249.42,249.42,1145,,
2018/03/01,247.79,248.15,246.49,246.7,2639,,
2018/03/02,243.1,243.72,239.95,240.61,2424,,
2018/03/05,241.47,243.62,241.47,243.62,1830,,
2018/03/06,245.38,245.51,243.52,243.52,1494,,
2018/03/07,242.29,244.4,241.55,243.79,1303,,
2018/03/08,243.95,246.63,243.89,246.4,443,,
2018/03/09,247.04,249,246.9,248.96,1287,,
2018/03/12,250.81,251.1,249.73,250.35,2918,,
2018/03/13,250.35,250.8,247.87,248.09,3556,,
2018/03/14,247.92,248.96,246.54,246.99,1385,,
2018/03/15,247.47,248.65,247.12,248.29,1520,,
2018/03/16,247.28,249.34,247.28,248.57,9063,,
2018/03/19,248.12,248.12,244.4,244.56,1543,,
2018/03/20,245.01,246.56,244.5,246.41,30638,,
2018/03/21,246.5,247.09,245.29,247.09,467,,
2018/03/22,243.57,244.46,241.07,242.56,652,,
2018/03/23,240.44,240.44,237.8,238.54,23221,,
2018/03/26,237.86,238.17,234.59,235.41,4724,,
2018/03/27,239.98,241.06,239.46,240,3983,,
2018/03/28,237.07,237.96,235.91,237.56,4617,,
2018/03/29,238.76,240.74,238.49,240.44,982,,
2018/04/03,237.29,238.99,236.6,238.38,1032,,
2018/04/04,238.45,238.45,234.96,238.12,6236,,
2018/04/05,242.77,244.93,242.24,244.93,4090,,
2018/04/06,242.47,242.98,240.99,241.34,1723,,
2018/04/09,241.45,241.77,239.7,241.64,947,,
2018/04/10,242.86,242.98,241.42,242.98,1723,,
2018/04/11,241.46,241.87,239.95,241.43,1988,,
2018/04/12,241.47,244.09,241.06,243.82,21801,,
2018/04/13,243.82,244.8,243,243.34,665,,
2018/04/16,243.63,243.63,242.5,242.94,622,,
2018/04/17,,,,242.94,,,
2018/04/18,246.0437,246.365,245.6065,246.365,310,,
2018/04/19,246.0843,246.0843,245.1159,245.5257,363,,
2018/04/20,245.4282,246.4226,245.0961,245.3593,815,,
2018/04/23,245.22,246.9621,245,246.8684,593,,
2018/04/24,246.7991,247.8004,245.9235,246.3676,1833,,
2018/04/25,243.9147,244.5876,242.9,244.1616,806,,
2018/04/26,244.4715,247.9,244.4715,247.3883,5470,,
2018/04/27,248.72,249.2273,247.7,248.4353,588,,
2018/04/30,248.8391,249.99,248.8,249.3382,784,,
2018/05/02,249.53,250.05,249.0265,249.8628,7064,,
2018/05/03,248.7913,248.8576,246.4701,246.8016,345,,
2018/05/04,248.7464,251.0019,247.8207,250.9582,1048,,
2018/05/07,251.7855,253.3694,251.7855,253.014,816,,
2018/05/08,252.5995,253.6274,252.3943,253.3595,1557,,
2018/05/09,254.1662,254.8166,253.8542,254.3935,721,,
2018/05/10,255.8985,256.5331,254.9476,256.371,818,,
2018/05/11,257.0029,257.0029,256.025,256.6422,5315,,
2018/05/14,257.15,257.3,256.0761,256.878,534,,
2018/05/15,256.5618,257.6758,256.5146,256.7597,606,,
2018/05/16,257.3935,258.81,257.187,258.6483,26868,,
2018/05/17,258.6306,260,258.1937,259.7768,50635,,
2018/05/18,258.8734,259.8,258.695,259.1939,590,,
2018/05/21,260.5602,261.3,260.1963,260.5006,2229,,
2018/05/22,260.7944,261.2641,259.8871,260.7074,1125,,
2018/05/23,260.127,260.127,258.912,259.6526,603,,
2018/05/24,260.227,260.788,258.3976,258.8942,294,,
2018/05/25,260.4043,260.8419,259.9469,260.3274,687,,
2018/05/28,260.6322,261,260.5418,260.8432,614,,
2018/05/29,260.2894,260.2894,259.1492,259.7482,2709,,
2018/05/30,259.174,259.9595,258.5008,259.363,1771,,
2018/05/31,259.733,259.9243,257.8441,258.39,661,,
2018/06/01,258.7021,260.7535,258.65,260.3106,1959,,
2018/06/04,261.45,261.45,260.2755,261.1534,51233,,
2018/06/05,260.8335,262.3341,260.7711,261.1701,2856,,
2018/06/06,261.06,261.0617,259.5076,260.8477,5537,,
2018/06/07,261.396,261.6251,260.3556,260.6599,2112,,
2018/06/08,260.41,261.2125,259.7,261.0871,1588,,
2018/06/11,261.1265,261.9747,261.1265,261.9747,3363,,
2018/06/12,262.904,262.904,261.7146,262.054,1224,,
2018/06/13,262.8,263.1576,262.5714,262.6769,2151,,
2018/06/14,260.45,265.9379,260.0362,265.2551,1776,,
2018/06/15,266.5388,266.7925,263.7545,263.7545,1744,,
2018/06/18,264.49,264.6932,262.6742,263.6105,1681,,
2018/06/19,261.2643,262.7743,260.6684,262.3433,2323,,
2018/06/20,264.2205,264.5619,263.2544,263.4408,2040,,
2018/06/21,264.6458,264.6458,261,261.7509,1147,,
2018/06/22,261.3804,262.4195,261.3804,262.4123,523,,
2018/06/25,262.42,262.42,256.5167,256.5167,2771,,
2018/06/26,257.6912,258.2667,257.3023,257.7063,2935,,
2018/06/27,257.9066,261.1497,256.8101,260.2103,8226,,
2018/06/28,259.4899,259.6966,257,258.4436,2154,,
2018/06/29,259.4701,260.0542,258.8,259.2622,6172,,
2018/07/02,256.5649,257.9282,256.3764,257.5199,2719,,
2018/07/03,258.3996,259.4668,258,258.9282,662,,
2018/07/04,257.6491,258.6463,257.55,258.203,838,,
2018/07/05,257.1487,258.6889,257.127,257.9539,2241,,
2018/07/06,258.605,259.2521,257.53,259.2521,1724,,
2018/07/09,260.69,261.5422,260.0512,261.3066,1604,,
2018/07/10,262.0942,263.1638,261.8046,262.6341,845,,
2018/07/11,260.77,261.3784,260.0004,260.6913,872,,
2018/07/12,261.73,263.0919,261.4031,262.6404,698,,
2018/07/13,264.5116,264.8774,263.8705,263.9359,1771,,
2018/07/16,263.7003,263.8494,262.6381,262.7915,2501,,
2018/07/17,261.963,263.7596,261.963,263.6656,1259,,
2018/07/18,265.0052,265.6711,264.6917,265.4823,1111,,
2018/07/19,265.5999,265.9114,265,265.5609,1343,,
2018/07/20,264.61,264.7715,263,263.9615,1741,,
2018/07/23,263.0059,263.888,262.5283,263.512,1486,,
2018/07/24,265.014,266,264.5754,265.5704,843,,
2018/07/25,265.41,265.8531,265,265.8531,1931,,
2018/07/26,266.3662,268,266,267.8269,2946,,
2018/07/27,268.0719,269.0421,267.83,267.9135,1540,,
2018/07/30,266.2094,266.3431,265.0784,265.0784,963,,
2018/07/31,264.5803,265.6753,264.1656,265.45,9715,,
2018/08/01,266.4585,266.4585,265.4054,265.6931,1027,,
2018/08/02,265.22,265.9407,264.4752,265.9407,5789,,
2018/08/03,267.0645,268.1683,267.043,267.833,2389,,
2018/08/06,268.9082,269.673,268.5066,268.9742,3661,,
2018/08/07,269.913,270.1849,269.6091,269.9165,1556,,
2018/08/08,269.2,269.9519,269,269.5242,392,,
2018/08/09,269.4528,270.4842,269.2126,270.3027,2198,,
2018/08/10,270.4034,270.8608,269.8169,270.8608,491,,
2018/08/13,270.8,270.8,269.7,270.0913,975,,
2018/08/14,270.5303,271.6822,270.3016,271.4403,431,,
2018/08/15,271.8136,271.95,268.5,269.1672,488,,
2018/08/16,269.8665,270.5702,269.4975,270.5702,343,,
2018/08/17,270.9496,270.9496,269.3,270.0898,952,,
2018/08/20,271.12,271.7204,270.8344,270.9042,2245,,
2018/08/21,269.7068,270.5945,269.65,270.1676,1378,,
2018/08/22,268.6879,269.1116,267.9209,269.0469,1735,,
2018/08/23,269,269.5389,268.4,268.4075,1105,,
2018/08/24,268.8887,269.1712,268.1976,268.8122,699,,
2018/08/27,270.34,270.51,269.6904,270.0489,1672,,
2018/08/28,270.2928,270.2928,269.3801,269.3962,1486,,
2018/08/29,270.6282,270.8882,270,270.8882,1358,,
2018/08/30,270.3276,271.1462,269.9963,270.8162,1822,,
2018/08/31,270.0555,270.778,269.4582,270.778,1474,,
2018/09/03,271,271.3218,270.4048,270.8886,943,,
2018/09/04,271.9,271.9,270,270.2164,565,,
2018/09/05,269.4336,269.4636,267.1001,267.2106,1709,,
2018/09/06,267.15,268,266,266.4808,8274,,
2018/09/07,266.4679,267.5568,265.7969,267.5568,2362,,
2018/09/10,268,268.2021,266.85,267.2763,8824,,
2018/09/11,267.3304,267.7237,266,267.5843,5668,,
2018/09/12,268.4266,269.0461,267.11,267.8755,1217,,
2018/09/13,268.16,268.9,267.5743,267.6664,571,,
2018/09/14,268.53,269.0884,268.2366,269.0639,1964,,
2018/09/17,269.1934,269.3816,268,268.2961,1573,,
2018/09/18,268.0472,269.3215,267.7,269.3215,2363,,
2018/09/19,269.863,270.4144,269.0209,270.0782,3168,,
2018/09/20,270.0329,270.2076,269.5,270.2076,2591,,
2018/09/21,270.6181,271.3893,270.5077,271.3183,2149,,
2018/09/24,270.49,270.49,268.9011,269.2536,1076,,
2018/09/25,270.2864,270.7399,269.5,270.1243,878,,
2018/09/26,270.4,270.88,270.1016,270.7454,2643,,
2018/09/27,270.5496,272.529,269.8778,272.2987,2751,,
2018/09/28,272.4834,272.996,272,272.3235,1546,,
2018/10/01,273.45,274.5633,273.4482,274.5633,1636,,
2018/10/02,273.73,274.0931,273.4078,273.6575,1395,,
2018/10/03,273.7232,275.1252,273.5,274.9713,1703,,
2018/10/04,274.2218,274.3109,271.6856,272.1028,5526,,
2018/10/05,272.3671,272.3671,270.5775,270.5775,2117,,
2018/10/08,270.353,270.7226,269.4136,269.4136,1569,,
2018/10/09,270.2914,270.7685,269.3,270.4483,1427,,
2018/10/10,269.9262,269.9652,264.7,264.7,3081,,
2018/10/11,258.8527,260.3773,256.6867,257.6391,2896,,
2018/10/12,258.9678,259.5812,257.6985,257.6985,2209,,
2018/10/15,257.1295,257.8398,255.5001,257.8398,2895,,
2018/10/16,257.3255,260.4594,257.1621,260.4594,1157,,
2018/10/17,263.106,263.106,260.29,261.295,1558,,
2018/10/18,262.49,262.9877,260.44,260.44,3046,,
2018/10/19,261.3585,262.0081,260.2,260.815,1276,,
2018/10/22,260.0583,260.8,258.5,259.3647,1131,,
2018/10/23,255.72,256.57,253.5134,254.42,2509,,
2018/10/24,255.6868,259,255.394,255.394,950,,
2018/10/25,252.2102,255.9281,251.71,255.9281,3571,,
2018/10/26,253.1417,253.1644,249.3791,252.4761,1508,,
2018/10/29,253.27,256.3675,253.2043,253.4152,5171,,
2018/10/30,252.99,253.5505,250.8204,252.6524,4441,,
2018/10/31,256.8795,259.96,256.52,258.7509,3504,,
2018/11/01,257.89,259.13,257,258.755,836,,
2018/11/02,261.41,261.5199,258.2921,258.2921,5167,,
2018/11/05,258.52,259.7999,258.2,258.6327,1428,,
2018/11/06,259.7183,260.2105,258.33,259.5845,1481,,
2018/11/07,260.78,262.4168,260.78,262.335,938,,
2018/11/08,264.52,265.0841,263.83,264.501,1435,,
2018/11/09,264.58,264.58,262.7401,263.4722,1169,,
2018/11/12,265.81,265.81,261.418,261.418,2657,,
2018/11/13,262.21,262.9807,260,262.1165,1987,,
2018/11/14,259.6908,261.9191,258.95,258.95,1252,,
2018/11/15,259.05,259.05,255.78,257.8487,1420,,
2018/11/16,259.49,259.49,256.4,257.6363,1425,,
2018/11/19,259.1011,259.2633,255.0221,255.1677,2050,,
2018/11/20,253.3944,253.6147,250.5,251.5,1129,,
2018/11/21,252,253.9696,251.8204,253.8769,1157,,
2018/11/22,252.76,252.76,250.9,250.975,1053,,
2018/11/23,251.59,253.3063,251.3468,253.1951,1068,,
2018/11/26,254.26,255.6661,254.13,255.22,706,,
2018/11/27,257.1026,257.1026,254.6201,256.419,2809,,
2018/11/28,258.01,258.4317,257.2057,257.8113,1322,,
2018/11/29,259.579,259.579,258.3779,259.035,448,,
2018/11/30,259.45,260.5604,258.4635,260.272,516,,
2018/12/03,265.92,266.21,263.3971,263.4,1665,,
2018/12/04,262.69,262.824,261.6308,261.7937,903,,
2018/12/05,257.8892,258.6023,257.4028,257.6409,11450,,
2018/12/06,255,255,248.6007,249.4982,3294,,
2018/12/07,253.1771,255.6446,251.1748,251.1748,1043,,
2018/12/10,248.9,249.5151,245.4358,246.1,9193,,
2018/12/11,249.6516,253.6245,249.0999,251.5711,5033,,
2018/12/12,252.05,254.4192,251.91,253.856,4988,,
2018/12/13,253.8108,253.8298,252,252.6526,823,,
2018/12/14,250.1912,252,249.7466,251.0486,1127,,
2018/12/17,249.4,249.5,245.8,247.8759,1064,,
2018/12/18,244.9803,245.9995,244.052,244.5053,2660,,
2018/12/19,243.6908,244.66,243.3,244.1572,1071,,
2018/12/20,238.3,239.5419,237.58,237.7339,4652,,
2018/12/21,236.5,239.0765,235.6104,236.8818,2014,,
2018/12/24,,,,236.8818,,,
2018/12/27,236.85,237.9252,231.4395,233.6043,3058,,
2018/12/28,236.7699,239.3134,236.5,237.5521,820,,
2018/12/31,240,240.8259,239,240.72,585,,
2019/01/02,236.8799,240.42,233.65,240.42,1461,,
2019/01/03,238.3728,239.4066,235.6341,236.6175,14664,,
2019/01/04,238.4422,242.4575,237.4748,241.73,1556,,
2019/01/07,243.41,243.4268,241.7,243.4268,1424,,
2019/01/08,244.5944,247.5399,244.315,244.315,1414,,
2019/01/09,246.3825,247.378,245,245.7353,1747,,
2019/01/10,244.0134,246.635,243.4403,246.635,555,,
2019/01/11,246.9671,247.2853,245.8586,247.2105,652,,
2019/01/14,246,247.0249,245.676,246.7043,664,,
2019/01/15,248.1,249.3537,247.35,249.3537,752,,
2019/01/16,250.72,251.3704,249.9,251.2151,895,,
2019/01/17,249.78,251.3749,249.1889,251.3749,871,,
2019/01/18,253.5557,256.1232,252.9584,256.1232,1891,,
2019/01/21,255.4136,255.5884,254.51,255.3295,1197,,
2019/01/22,254.8922,254.9955,253.5,253.9384,1149,,
2019/01/23,252.5575,254.5259,252.2924,252.4609,935,,
2019/01/24,253.1,254.4186,252.7985,253.8292,906,,
2019/01/25,255.7137,255.924,255.1163,255.4031,439,,
2019/01/28,254.5485,254.5485,252,252.1678,3031,,
2019/01/29,252.02,254.1287,252.02,253.0278,1359,,
2019/01/30,253.48,255.0017,253.48,255.0017,2277,,
2019/01/31,256,257.1002,254.8818,257.1002,9381,,
2019/02/01,257.95,258.2854,256.4857,257.3746,2103,,
2019/02/04,258.3235,258.5625,257.3344,258.5314,1442,,
2019/02/05,259.42,261.6792,259.42,261.22,1785,,
2019/02/06,261.5629,262,261,261.7583,996,,
2019/02/07,261.5479,261.9444,258.3978,258.3978,2569,,
2019/02/08,258.81,259.7872,257.7367,258.012,1724,,
2019/02/11,259.8953,261.3249,259.8953,260.8597,605,,
2019/02/12,262.29,263.1398,262.2736,262.7682,1000,,
2019/02/13,264.2248,265.1,263.4718,264.2839,1250,,
2019/02/14,266.1404,266.1404,263.2076,263.569,1101,,
2019/02/15,263.05,267.13,263.0418,266.9257,1015,,
2019/02/18,266.98,267.34,266.2605,266.6241,618,,
2019/02/19,267,267,266,266.75,7162,,
2019/02/20,266.5,267.35,266.05,266.9178,2536,,
2019/02/21,268,268,265.8521,266.9899,1416,,
2019/02/22,266.72,268.005,266.39,268.005,874,,
2019/02/25,269.06,269.5476,268.6,269.243,4182,,
2019/02/26,267.8,268.7381,267.0374,268.5376,1091,,
2019/02/27,267.18,267.5019,266.4432,267.3151,4956,,
2019/02/28,266.72,267.6602,266.3751,267.257,1407,,
2019/03/01,268.31,269.0297,267.5616,267.8128,7803,,
2019/03/04,270.1498,270.3684,268.8624,268.8624,4734,,
2019/03/05,268.72,269.4457,268,269.4457,3467,,
2019/03/06,269.0287,269.3443,267.8659,268.0983,2049,,
2019/03/07,267,268.7039,266.81,267.9208,995,,
2019/03/08,266.5116,266.9746,264.7291,265.06,3088,,
2019/03/11,266.94,269,266.2404,268.93,3750,,
2019/03/12,269.7792,269.7825,268.876,269.0448,2175,,
2019/03/13,269.05,270.8481,268.8834,270.4443,1128,,
2019/03/14,270.34,271.0539,270,270.9587,2519,,
2019/03/15,271.1612,272,270.4999,272,2517,,
2019/03/18,271.7952,272.3368,271.4461,271.9434,3279,,
2019/03/19,271.85,273.924,271.85,273.7,2974,,
2019/03/20,272.3198,272.5825,270.7,270.7,1561,,
2019/03/21,269.985,273.0103,269.3976,272.6236,921,,
2019/03/22,272.96,273.7453,270.55,270.6469,1264,,
2019/03/25,269.1418,269.7584,268.2564,269.0849,3498,,
2019/03/26,270,272.5,270,271.5172,6597,,
2019/03/27,273.1,273.1,270.5252,271.41,1118,,
2019/03/28,271.7198,273.16,271.6581,272.1163,885,,
2019/03/29,273.5,274.2018,273.1831,274,1096,,
2019/04/01,276,277.3395,275.0001,277.25,2072,,
2019/04/02,277.64,278.4204,277.5,278.0638,1781,,
2019/04/03,278.9,279.5491,278.3566,279.4499,5911,,
2019/04/04,278.4132,279.2806,278.1633,278.6966,2553,,
2019/04/05,279.2373,280.2949,278.95,279.9672,1712,,
2019/04/08,279.66,279.6719,278.1753,278.9719,1733,,
2019/04/09,279.3661,279.3661,277.38,277.6035,9924,,
2019/04/10,277.8819,278.7711,277.8306,278.2219,1229,,
2019/04/11,278.6455,279.0559,277.7196,278.6657,4222,,
2019/04/12,278.1,279.2029,278,278.7033,3194,,
2019/04/15,279.5155,279.57,278.59,279.0193,1381,,
2019/04/16,279.4942,280.5398,279.4942,280.2822,2702,,
2019/04/17,279.9167,280.8,279.2958,279.3374,1511,,
2019/04/18,278.9633,281.1096,278.7401,280.57,5633,,
2019/04/23,280.99,283.5,280.5646,283.3823,3839,,
2019/04/24,283.1395,283.7883,282.7837,283.6063,1051,,
2019/04/25,284.1588,284.7,282.9659,284.2519,1942,,
2019/04/26,283.76,284.3718,283.3,284.3718,2346,,
2019/04/29,284.5,285.5,284.4,285.2555,9387,,
2019/04/30,284.4111,284.5204,283.0386,283.6143,1808,,
2019/05/02,283.5822,283.8471,282.489,282.489,1911,,
2019/05/03,283.5637,284.7952,283.1624,284.5486,1014,,
2019/05/06,280.19,282.22,279.5515,282.0954,8816,,
2019/05/07,282.7214,282.8332,279.0399,279.5515,2661,,
2019/05/08,279.1755,279.7017,277.25,278.8628,1097,,
2019/05/09,277.1521,277.4611,273.7,274.0041,1880,,
2019/05/10,276.7025,277.2062,272.8163,273.2186,23959,,
2019/05/13,275.3116,275.3116,270.8159,271.5344,4052,,
2019/05/14,272.0648,275.3142,271.84,274.7497,5300,,
2019/05/15,275.1421,275.8788,273.0699,275.8725,991,,
2019/05/16,275.5721,279.8641,275,279.7892,1239,,
2019/05/17,278.3388,279.5457,276.8511,279.2062,1844,,
2019/05/20,278.6393,278.8403,275.3237,276.4156,1991,,
2019/05/21,277.5264,278.2376,276.8687,277.9761,2558,,
2019/05/22,277.6968,278.0604,276.3486,277.6404,3359,,
2019/05/23,276.2637,276.6199,273.75,273.8634,1703,,
2019/05/24,274.6598,275.3783,273.566,274.1514,1000,,
2019/05/27,275.1388,275.6028,274.6205,275,2349,,
2019/05/28,275.5853,275.7323,274.1999,274.6481,5070,,
2019/05/29,272.3023,272.3023,271.3549,271.422,7872,,
2019/05/30,272.41,273.3896,272.0928,272.0928,1217,,
2019/05/31,270.06,270.0736,268.5,270.0736,9171,,
2019/06/03,267.7376,268.8776,266.8178,268.5072,2525,,
2019/06/04,266.3892,270.3755,266.2392,270.3755,3252,,
2019/06/05,271.4517,273.1112,270.9999,272.2982,5324,,
2019/06/06,273.7218,274.8012,272.3,272.925,2604,,
2019/06/07,274.7866,276.3324,273.7632,275.5323,4481,,
2019/06/10,276.9453,278.0512,276.8371,278.0512,1671,,
2019/06/11,277.8257,279.3931,277.8,277.8194,4285,,
2019/06/12,276.29,277.2622,276.0295,276.7847,1404,,
2019/06/13,276.8395,278.38,276.5456,277.7749,2265,,
2019/06/14,277.65,278.5471,277.1507,278.5057,2467,,
2019/06/17,279.31,279.5337,278.3,278.8116,3377,,
2019/06/18,278.54,283.4921,277.9013,282.9797,7992,,
2019/06/19,283.1,283.1671,282.307,282.5306,3282,,
2019/06/20,283.871,284.699,283.3714,283.58,7085,,
2019/06/21,283.9,283.9,282.3967,283.316,3108,,
2019/06/24,281.8444,282.18,280.9,281.1337,3854,,
2019/06/25,280.1718,280.9338,279.7935,279.9994,2340,,
2019/06/26,279.2541,280.6776,278.9525,279.07,4062,,
2019/06/27,280.3,280.3,278.6254,279.296,1386,,
2019/06/28,279.9621,280.6292,279.9521,280.6292,1856,,
2019/07/01,285.4993,285.8599,284.5,284.7213,3385,,
2019/07/02,285.1215,285.6916,284.3088,284.9348,4730,,
2019/07/03,286.28,287.9278,286.28,287.9278,2984,,
2019/07/04,288.5448,288.7987,288.0563,288.6184,2741,,
2019/07/05,288.6,288.6,287.06,287.9706,1321,,
2019/07/08,287.5299,288.1775,287.2927,287.4568,1580,,
2019/07/09,286.2663,287.2478,285.8656,287.066,1348,,
2019/07/10,286.9163,288.736,286.3253,287.3308,1552,,
2019/07/11,287.9463,288.2569,287.2118,287.7637,1994,,
2019/07/12,287.8645,288.6699,287.75,288.2925,1348,,
2019/07/15,288.6,289.1029,288.199,288.7395,1388,,
2019/07/16,288.941,290.05,288.9,289.6579,1737,,
2019/07/17,289.627,289.7452,287.91,288.1662,2426,,
2019/07/18,286,287.5787,286,286.6221,2769,,
2019/07/19,288.4484,288.9906,288.01,288.5866,1275,,
2019/07/22,287.217,288,287.0844,287.3906,954,,
2019/07/23,289.1466,290.6715,288.8324,290.2568,1764,,
2019/07/24,291.2685,291.8367,290.6301,291.4026,1145,,
2019/07/25,293.0031,294.0553,289.9866,290.728,5353,,
2019/07/26,290.9325,292.6166,290.9325,292.6166,929,,
2019/07/29,292.0619,293.1943,291.85,291.921,1230,,
2019/07/30,292.0338,292.0599,289.5437,290.2785,3941,,
2019/07/31,290.0237,290.9206,290.0237,290.9206,1436,,
2019/08/01,290.1,292.6324,290.05,292.4133,3440,,
2019/08/02,286.2472,286.8642,283,283.4081,9611,,
2019/08/05,281.3317,281.4328,275.4519,276.2797,3194,,
2019/08/06,274.5611,277.4949,273.569,274.5077,6862,,
2019/08/07,276.213,278.4715,272.12,275.0087,6006,,
2019/08/08,278.4861,280.9643,277.467,280.9643,6520,,
2019/08/09,281.6171,281.8458,279,279.2229,3719,,
2019/08/12,281.5985,282.3283,277.5,277.5942,1412,,
2019/08/13,277.0406,282.3,275.6672,280.3056,1384,,
2019/08/14,280.9172,280.9172,275.8,276.423,968,,
2019/08/15,276.544,276.544,272.3342,275.7066,2503,,
2019/08/16,277.0436,279.8001,277.0436,279.6944,768,,
2019/08/19,282.5418,283.0369,281.36,283.0369,922,,
2019/08/20,283.51,283.95,281.7796,282.06,5531,,
2019/08/21,282.0078,283.4365,281.9987,283.4365,1348,,
2019/08/22,283.28,284.2017,281.7,282.5351,1623,,
2019/08/23,284.2,284.52,278.26,278.2621,9598,,
2019/08/26,277.5935,279.7902,276.78,278.5419,4643,,
2019/08/27,278.7156,281.1789,278.1956,279.9937,5565,,
2019/08/28,279.3597,280.4,277.7719,280.363,2176,,
2019/08/29,280.3244,284.4006,280.3244,284.3062,3137,,
2019/08/30,284.8714,286.8,284.8714,285.7968,4868,,
2019/09/02,285.8154,287,285.7151,286.081,4161,,
2019/09/03,285.9294,286.7852,284.1566,285.3338,1894,,
2019/09/04,287.2299,288.1499,286.1934,286.8343,17087,,
2019/09/05,289.2467,290.5141,288.4853,290.2245,1893,,
2019/09/06,290.261,291.2666,289.8143,290.6133,1252,,
2019/09/09,291.9212,291.9283,290.44,290.6365,2032,,
2019/09/10,290.0052,290.338,289.2865,289.2995,2611,,
2019/09/11,291.115,293.1781,290.8325,293.1781,68677,,
2019/09/12,294.1489,296.8343,292.01,293.7619,3136,,
2019/09/13,293.2624,294.2042,293.15,293.8625,3345,,
2019/09/16,292.1428,294.323,291.76,294.0295,2185,,
2019/09/17,293.6317,293.9512,292.7418,293.0354,628,,
2019/09/18,292.9564,293.6297,292.6326,292.6326,17451,,
2019/09/19,292.7442,295.18,292.7442,295.18,3199,,
2019/09/20,294.2845,295.7123,293.8522,295.4869,1032,,
2019/09/23,294.66,294.86,293.2101,293.8583,1579,,
2019/09/24,294.9,295.357,293.84,293.84,1001,,
2019/09/25,292.15,293.1,290.4165,293.0621,3896,,
2019/09/26,293.5847,295.7244,293.34,293.34,1806,,
2019/09/27,295.12,295.94,293.9,294.6019,3290,,
2019/09/30,293.9,295.11,293.4626,295.11,1945,,
2019/10/01,296.69,296.69,292.0528,292.4944,1843,,
2019/10/02,291.06,291.1666,284.72,284.72,7019,,
2019/10/03,285.41,286.0528,281.7078,284.5446,5190,,
2019/10/04,286.1315,288.5451,285.45,288.5451,2354,,
2019/10/07,288.525,289.9634,288.1719,289.9634,1576,,
2019/10/08,289.28,289.7506,285.9174,286.0414,84615,,
2019/10/09,285.504,287.8231,285.504,287.003,6097,,
2019/10/10,286.5607,289.1116,285.4758,289.1116,1180,,
2019/10/11,289.6715,293.3093,289.6715,293.3093,18206,,
2019/10/14,291.888,291.99,290.0316,291.7085,3210,,
2019/10/15,293.02,294.48,292.4209,294.1669,2832,,
2019/10/16,293.6717,294.2954,292.8305,293.0234,1254,,
2019/10/17,292.2779,293.49,292.1,292.1,22673,,
2019/10/18,292.0097,292.15,290.85,291.0417,2470,,
2019/10/21,291.33,292.481,291,292.481,2359,,
2019/10/22,292.86,293.7568,292.4,293.241,876,,
2019/10/23,292.0777,293.312,291.8,293.1976,772,,
2019/10/24,293.644,294.9934,293.4673,294.9934,2277,,
2019/10/25,294.5991,296.1982,293.7325,296.0477,1044,,
2019/10/28,296.19,297.6335,295.9932,297.078,3238,,
2019/10/29,297.3346,297.3346,296.26,296.9916,16965,,
2019/10/30,296.3908,297.0099,295.5,296.3383,1516,,
2019/10/31,296.588,297.0497,294.6867,294.6867,2048,,
2019/11/01,296.0612,298,296.0612,297.4285,446,,
2019/11/04,299.0341,300.2932,298.9601,300.109,2951,,
2019/11/05,300.3189,302,300.2401,301.6661,949,,
2019/11/06,301.0807,301.6789,300.4701,301.6789,28238,,
2019/11/07,303.2956,304.1299,302.7,304.0004,2321,,
2019/11/08,302.5426,303.6969,302.5391,303.5019,20186,,
2019/11/11,302.96,303.3058,302.16,302.8817,961,,
2019/11/12,304.0349,305.4867,303.2565,305.0194,5180,,
2019/11/13,304.0564,304.3094,302.4708,304.3094,965,,
2019/11/14,304.1171,304.6798,303.5993,303.5993,19846,,
2019/11/15,305.053,305.1409,304,305.0842,2855,,
2019/11/18,305.72,305.794,304.17,304.82,1587,,
2019/11/19,305.3818,306.39,304.2617,304.6075,2261,,
2019/11/20,303.674,304.6001,303.1656,304.37,1697,,
2019/11/21,302.7112,303.7317,302.4283,302.9297,7265,,
2019/11/22,303.8572,304.7319,303.8572,304.2987,2949,,
2019/11/25,306.0311,307.4704,305.8066,307.4704,17806,,
2019/11/26,307.4129,307.8898,306.9474,307.8056,17007,,
2019/11/27,309.0828,309.356,308.5836,309.3154,8972,,
2019/11/28,308.5142,309.263,308.4252,309.2066,1200,,
2019/11/29,307.923,309.3669,307.833,307.833,1706,,
2019/12/02,308.8045,309.5197,302.7626,302.7756,4531,,
2019/12/03,304.0048,304.2416,299.6811,300.1519,26342,,
2019/12/04,301.1883,308,301,303.8956,2743,,
2019/12/05,304.32,304.8805,302.9935,302.9935,1577,,
2019/12/06,304.1462,307.87,303.86,307.87,7517,,
2019/12/09,307.2077,307.2077,306.4494,306.7461,1604,,
2019/12/10,305.729,306,303.8,305.6445,857,,
2019/12/11,305.8892,306.2273,305.1961,305.6821,94717,,
2019/12/12,305.7489,308.243,304.6,306.9998,4614,,
2019/12/13,308.1977,309.1,306.9998,307.6573,2834,,
2019/12/16,309.2613,311,309.1416,310.745,12294,,
2019/12/17,310.2759,310.3165,309.2043,309.8844,1034,,
2019/12/18,310.0092,310.9501,309.95,310.7396,10389,,
2019/12/19,310.6576,311.2326,310.2405,311.1699,57406,,
2019/12/20,311.13,313.9613,311.13,313.9613,24141,,
2019/12/23,313.548,314.28,313.3596,313.6,2442,,
2019/12/24,314.03,314.9749,313.6,313.9648,452,,
2019/12/27,314.1501,314.7,313.19,313.5446,5705,,
2019/12/30,312.98,312.98,310.1875,310.3452,1981,,
2019/12/31,311,311.1462,309.3413,309.3413,1441,,
2020/01/02,312.5634,314.2805,312.3951,313.134,1318,,
2020/01/03,312.4058,313.65,311.3231,313.1237,2538,,
2020/01/06,311.7943,312.4397,309.897,312.297,3894,,
2020/01/07,313.8,314.4239,312.959,314.0155,8722,,
2020/01/08,313.0019,315,312.5,314.5404,2685,,
2020/01/09,317.2752,317.4863,316.7001,317.3246,17562,,
2020/01/10,318.2479,318.5765,317.0849,317.0849,1612,,
2020/01/13,316.8751,317.4593,316.3,316.6584,2310,,
2020/01/14,317.2619,318.5085,316.153,317.9648,1246,,
2020/01/15,318.0603,318.1727,316.7841,318.0204,1307,,
2020/01/16,318.6604,319.4231,318.0001,319.1912,95151,,
2020/01/17,320.6964,322.2893,320.5402,321.9719,18075,,
2020/01/20,321.88,322.3699,321.5677,322.3367,1921,,
2020/01/21,320.7383,321.8419,320,321.8419,3558,,
2020/01/22,323.0186,323.6,321.9043,322.437,3081,,
2020/01/23,321.4,321.9899,320.3013,321.3401,3706,,
2020/01/24,323.59,324.4679,322.5,322.8133,18206,,
2020/01/27,317.98,318.6399,315.1,315.81,4198,,
2020/01/28,317.4688,319.7682,316,319.4585,2471,,
2020/01/29,319.8778,320.99,319,320.2038,1482,,
2020/01/30,316.1199,317.8799,315.2901,316.6575,70847,,
2020/01/31,318.6745,319.13,312.8648,313.3,20082,,
2020/02/03,314.17,316.8083,313.0074,314.8474,3309,,
2020/02/04,317.29,320.6977,317.29,320.6977,2496,,
2020/02/05,319.6832,324.4,319.5,323.4976,7704,,
2020/02/06,326.24,326.5751,324.8601,326.0521,1263,,
2020/02/07,325.85,326.4987,324.4,325.8752,57520,,
2020/02/10,324.9149,326.8999,324.1,326.7295,3248,,
2020/02/11,328.96,330.3499,328.3176,329.1227,2239,,
2020/02/12,329.66,331.1329,329.4,331.0425,3930,,
2020/02/13,330.2258,332.2427,328.8549,332.1371,18518,,
2020/02/14,332.6259,332.9382,331.1422,332.1,18152,,
2020/02/17,333.0217,333.28,332.5001,333.1924,1299,,
2020/02/18,330.9458,332.3921,330.4131,330.9771,3900,,
2020/02/19,333.17,334.4739,332.3676,334.45,2479,,
2020/02/20,333.94,334,331.0517,331.0517,3590,,
2020/02/21,330.755,331.356,327.0012,328.3932,2487,,
2020/02/24,322.2278,322.2278,314.0099,317.8067,10049,,
2020/02/25,319.6795,319.9425,311.1701,312.4586,4878,,
2020/02/26,309.2765,312.7207,303.5582,311.2725,7585,,
2020/02/27,304.31,304.735,293.9,297.1233,10221,,
2020/02/28,287.4787,288.8986,281.5,285.853,15652,,
2020/03/02,291.0154,293.1547,281.4913,288.7478,10559,,
2020/03/03,294.6844,298.4697,290.96,292.42,16498,,
2020/03/04,291.6,296.5701,290.8911,294.6501,22288,,
2020/03/05,296.68,297.2409,289.7121,292.87,5531,,
2020/03/06,285.79,286.6897,276.4101,280.5514,39630,,
2020/03/09,263.18,267.798,256,263.0103,15872,,
2020/03/10,264.95,271.9999,257.7402,260.3168,10763,,
2020/03/11,264.0609,267.1364,260.0007,260.13,23389,,
2020/03/12,248.9998,250.5,235.5,238.63,27730,,
2020/03/13,245.7225,252.28,236.1001,240.6813,9677,,
2020/03/16,236,238.9999,222,231.97,11240,,
2020/03/17,238.0218,242.4691,225.601,237.6918,8701,,
2020/03/18,228.8988,234.4699,224.5482,229.1065,6441,,
2020/03/19,230.1568,238.4296,225.51,235.009,3430,,
2020/03/20,241.4101,246.3022,232.8501,235.2499,43228,,
2020/03/23,221.65,233.4681,218.0715,222.0204,15473,,
2020/03/24,231.1042,240.71,227.79,240.2744,21954,,
2020/03/25,244.4979,248.3,237.5682,247.2955,19309,,
2020/03/26,240.5299,251.9288,238,251.7709,16560,,
2020/03/27,250.1059,250.5,244.3183,246.5,17770,,
2020/03/30,246.1299,250.6394,241.0001,250.4798,79159,,
2020/03/31,253.46,255,249.8141,254.98,26247,,
2020/04/01,244.15,245.9665,242.37,244.3158,18062,,
2020/04/02,244.54,247.4099,239.5672,246.0335,23203,,
2020/04/03,246.041,248.8679,244.63,245.4713,22790,,
2020/04/06,254.01,256.2906,252.213,255.49,15751,,
2020/04/07,263.2277,266.5758,260.7935,263.3432,33056,,
2020/04/08,259.2499,263.5609,257.1754,263.5609,9523,,
2020/04/09,267.5966,270.3777,262.91,268.5215,38835,,
2020/04/14,270.8916,274.739,268.6501,270.3,17281,,
2020/04/15,271.6509,272,265.3097,266.2799,12716,,
2020/04/16,269.8609,269.989,265.8,268.7331,5985,,
2020/04/17,276.18,277.7197,272.4922,272.8691,9449,,
2020/04/20,275.2467,275.5999,271,275,11474,,
2020/04/21,271.949,272.1553,264,264.3588,11281,,
2020/04/22,267.0037,270.3079,266.5859,270.3079,14390,,
2020/04/23,271.9609,274.8114,270.5,273.6786,9556,,
2020/04/24,271.1012,273.056,270.7169,271.1484,5110,,
2020/04/27,275.72,277.4253,275.1886,277.4253,13980,,
2020/04/28,278.1482,282.0847,277.9093,279.5199,13221,,
2020/04/29,280.6217,284.7223,280.1,284.3898,10512,,
2020/04/30,285.47,285.89,279.2458,279.2458,15180,,
2020/05/04,270.17,271.818,268.1001,270.5984,12789,,
2020/05/05,275.14,279.0612,274.5011,279.0047,31796,,
2020/05/06,279.1617,280.6466,276.595,277.6722,10413,,
2020/05/07,278.47,281,278.47,280.7005,3813,,
2020/05/08,282.7,282.8862,281.1469,282.3268,19340,,
2020/05/11,284.8896,285.6035,281,283.3942,4897,,
2020/05/12,282.3503,284.4879,281.76,283,4329,,
2020/05/13,278.2413,279.3148,275.9852,276.1645,8002,,
2020/05/14,273.94,274.6,269.21,272.8064,5749,,
2020/05/15,277.9078,277.9153,272.62,274.6285,4465,,
2020/05/18,280.09,284.9999,279.75,284.5255,4381,,
2020/05/19,284.5841,284.74,280.8184,283.5954,4743,,
2020/05/20,281.7998,284.7252,281.1803,284.5768,1732,,
2020/05/21,281.9075,284.2276,281.852,281.852,39494,,
2020/05/22,279.9338,283.591,279.1822,282.7096,2868,,
2020/05/25,285.7094,288.047,285.3,288.0135,5142,,
2020/05/26,289.99,290,287.883,288.1706,5471,,
2020/05/27,289.6557,291.6756,285.3026,287.5,5720,,
2020/05/28,291.27,292.2885,290.5986,291.3352,37378,,
2020/05/29,287.8537,288.2743,285.6,285.8372,21216,,
2020/06/01,290.1619,291,287.7145,290.0058,21856,,
2020/06/02,290.8853,292.4999,289.99,290.6276,3118,,
2020/06/03,292.5975,295.5198,292.5204,295.3748,6884,,
2020/06/04,294.78,295.179,291.63,292.3,6726,,
2020/06/05,293.368,300.445,293.368,300.445,11803,,
2020/06/08,298.4881,301.4987,298.3339,300.7743,6018,,
2020/06/09,302.5718,302.9367,297.7437,298.7654,5787,,
2020/06/10,300.5505,301,296.7338,298,2009,,
2020/06/11,291.93,292.5208,286.7058,286.7058,6557,,
2020/06/12,284.5866,289.8586,284.3976,285.5002,8419,,
2020/06/15,279.64,284.9202,278.0024,283.99,9437,,
2020/06/16,290.4123,296.8004,290,293.8789,7813,,
2020/06/17,294.5205,297.0412,294.0946,295.5889,44509,,
2020/06/18,293.7022,295.4785,292.2365,294.3195,2281,,
2020/06/19,295.9981,297.6233,295.5343,296.7999,3363,,
2020/06/22,293,294.6969,292,293.1225,1429,,
2020/06/23,294.6846,296.7769,294.41,295.8271,1105,,
2020/06/24,293.9175,294.6568,288.3055,288.3055,3763,,
2020/06/25,287.4567,289.9129,285.7,288.5,2567,,
2020/06/26,292.5557,293,287.6,288.1622,3082,,
2020/06/29,286.399,289,284.92,288.5621,21338,,
2020/06/30,290.2452,291.25,288.7235,290.7499,1918,,
2020/07/01,292.3329,294.1985,290.762,292.4259,1401,,
2020/07/02,294.177,298.2327,294.1155,297.1276,9243,,
2020/07/03,297.4078,297.7582,294.4857,295.0502,1431,,
2020/07/06,298.39,299.5,297.2933,299.0215,2316,,
2020/07/07,297.7007,299.1933,296.6411,298.7339,2640,,
2020/07/08,296.6699,297.3499,294.679,294.679,6101,,
2020/07/09,296.4781,297.7183,293.36,293.8413,793,,
2020/07/10,294.7296,297.0487,294.52,296.6789,4070,,
2020/07/13,300.05,301.4255,299.4102,301.4049,4060,,
2020/07/14,296.6315,296.9999,292.7581,295.743,2274,,
2020/07/15,299.6963,301.6512,298.5054,300.2448,1669,,
2020/07/16,299.0627,299.7189,297.7,298.7071,7940,,
2020/07/17,299.9312,300.1699,298.4793,299.2827,2156,,
2020/07/20,297.6141,301.1768,297.3557,301,2834,,
2020/07/21,302.12,305.098,302.12,302.8812,2512,,
2020/07/22,300.3643,301.1241,298.25,299.5686,2932,,
2020/07/23,301.29,301.9834,299.5,299.6496,2218,,
2020/07/24,294.63,296.2977,293.6,294.4117,4144,,
2020/07/27,293.5698,294.15,292.0001,292.2301,17756,,
2020/07/28,294.0625,294.9399,292.5,294.3096,1922,,
2020/07/29,292.9853,294.0282,292.5,293.6577,41256,,
2020/07/30,293.5597,293.7,288.4831,290.8815,26687,,
2020/07/31,290.2725,292.2859,288.5901,290,19430,,
2020/08/03,293.089,296.6694,291.8082,296.1399,3852,,
2020/08/04,296.8082,297.1092,294.4913,296.2097,2241,,
2020/08/05,297.0776,297.7697,295.6255,296.0951,17709,,
2020/08/06,295.811,297.4473,294.7792,296.086,1390,,
2020/08/07,297.3238,299.1854,296.6432,298.7065,1229,,
2020/08/10,299.6359,300.4899,298.5,299.4502,2216,,
2020/08/11,302.0754,303.3788,301.4711,301.8345,1480,,
2020/08/12,302.1097,303.6,301.9,303.4187,3033,,
2020/08/13,302.2575,303,301.5201,302.6816,1254,,
2020/08/14,302.5203,302.5203,299.7017,301.4793,1998,,
2020/08/17,301.2294,302,300.4738,301.8349,890,,
2020/08/18,300.9428,302.4239,299.5,300.8251,780,,
2020/08/19,300.827,302.5424,300.8031,302.5424,1924,,
2020/08/20,299.99,301.2896,299.8797,301.2067,1402,,
2020/08/21,301.6001,303.6163,301.3623,303.0803,1324,,
2020/08/24,305.4047,306,305,305.9103,1659,,
2020/08/25,307.84,308.4899,305.6478,306.0796,19480,,
2020/08/26,306.6924,308.4076,306.6924,308.4076,2366,,
2020/08/27,309.0846,311.4128,308.3477,310.4242,17734,,
2020/08/28,309.4029,309.8666,307.4555,307.9174,1660,,
2020/08/31,310.2342,310.6787,306.7123,306.8146,1949,,
2020/09/01,307.8666,308.8475,305.76,307.8165,1551,,
2020/09/02,311.5775,314.2796,311.5775,313.2818,1495,,
2020/09/03,316.6532,317.411,305.575,307.5467,2702,,
2020/09/04,304.4259,308.7291,298.7,301.0957,4450,,
2020/09/07,302.6789,305.6607,302.126,305.3857,1842,,
2020/09/08,306.1019,306.4778,298.8858,300.0091,2113,,
2020/09/09,299.5637,303.9,299.4755,303.2988,1689,,
2020/09/10,303.9999,304,301,302.1025,78693,,
2020/09/11,301.0375,302.2258,298.95,300.1402,7775,,
2020/09/14,302.557,302.7675,300.65,302.62,20352,,
2020/09/15,302.53,305.5,302.16,305.1385,4463,,
2020/09/16,305.124,306.1431,304.79,306.1431,17626,,
2020/09/17,300.9256,303.2088,299.999,302.3083,1682,,
2020/09/18,301.4519,302.6379,299.3188,299.3188,2122,,
2020/09/21,297.5253,298.131,292.6,293.1958,6013,,
2020/09/22,296.06,298.4699,295.6639,296.7537,1635,,
2020/09/23,300.3,301.8491,299.323,299.323,1249,,
2020/09/24,295.56,296.4199,293.4893,295.7518,2794,,
2020/09/25,296.0821,297.91,293.5,297.8477,2259,,
2020/09/28,302.07,304.2395,300.4858,304.0475,3359,,
2020/09/29,303.9476,303.9476,301.3491,301.5205,1126,,
2020/09/30,299.7494,304.2342,299.3,303.3291,1307,,
2020/10/01,304.7689,305,302.9315,304.0939,3334,,
2020/10/02,300.336,303.6167,299.7499,302.8833,4585,,
2020/10/05,304.7728,305.2251,303.3736,304.7113,2063,,
2020/10/06,305.5636,306.4143,304.7,305.6704,1307,,
2020/10/07,304.9034,306.3999,304.4,306.3408,1822,,
2020/10/08,308.7411,309.95,307.8873,308.41,3400,,
2020/10/09,310.0215,310.3584,309.2282,310.0266,4222,,
2020/10/12,311.1512,314.3122,311,314.3122,2730,,
2020/10/13,314.5739,315.4,313.9426,315.4,4658,,
2020/10/14,314.9268,316.1699,313.6612,313.93,1802,,
2020/10/15,310.7422,311.03,308.92,310.5048,79390,,
2020/10/16,312.2942,314.3916,311.6664,313.3615,1017,,
2020/10/19,314.2777,314.6461,308.739,310.235,979,,
2020/10/20,309.69,309.69,306.7413,307.0989,2523,,
2020/10/21,307.6014,308.0493,304.873,305.4886,1426,,
2020/10/22,304.16,306.5,303.5,305.5209,1687,,
2020/10/23,306,308.4698,306,306.8934,3349,,
2020/10/26,304.65,305.8753,302.0516,302.0516,5855,,
2020/10/27,303.2962,304.07,301.7865,301.8813,19410,,
2020/10/28,300.4368,300.5325,294.5267,295.5264,24085,,
2020/10/29,296.9303,298.191,293.7993,297.4113,6263,,
2020/10/30,293.75,297.1455,292.24,295.3534,7285,,
2020/11/02,296.4067,300.5,295.9055,299.3909,7223,,
2020/11/03,300.6616,304.4478,300.2102,304.41,4438,,
2020/11/04,302.5478,311.0628,301.768,311.0395,7201,,
2020/11/05,312.1435,314.08,311.1607,313.5829,5330,,
2020/11/06,312.2514,312.8332,308.9133,311.7227,8931,,
2020/11/09,315.3699,325.95,315.3699,322.6893,14548,,
2020/11/10,318.8499,320.05,316.5198,318.3608,5834,,
2020/11/11,319.7999,323,319.7999,322.7487,6308,,
2020/11/12,320.4622,321.3687,319.8652,319.9,8780,,
2020/11/13,319.7177,320.7678,319,319.62,4283,,
2020/11/16,323.0146,325.6699,322.4746,324.7522,5261,,
2020/11/17,324.5213,324.5213,321.65,323.68,20326,,
2020/11/18,322.3646,324.88,322.1011,324.37,26278,,
2020/11/19,321.5015,322,320.21,321.3978,5887,,
2020/11/20,321.4595,323.2099,321.1743,321.5,2174,,
2020/11/23,322.8532,324.069,321.8199,322.1998,3311,,
2020/11/24,325.4337,326.9018,324.8064,326.9018,5412,,
2020/11/25,327.339,327.4268,325.2651,326.1414,18943,,
2020/11/26,326.613,327.3421,326.15,326.5263,1917,,
2020/11/27,326.1284,327.2923,326.1,326.6534,2799,,
2020/11/30,324.27,325.6098,322.3235,322.9547,11061,,
2020/12/01,326.559,327.9999,325.716,326.1506,4279,,
2020/12/02,324.1069,325,323.2128,324.5246,2721,,
2020/12/03,324.0071,324.6945,323.48,324.5764,19702,,
2020/12/04,324.6052,326.4113,324.1,326.4113,49365,,
2020/12/07,326.4789,326.5752,324.9702,326.401,3572,,
2020/12/08,326.27,327.5273,324.6459,327.5273,5949,,
2020/12/09,328.0874,329,328,328.142,5035,,
2020/12/10,326.1631,326.9205,323.7,326.1884,5054,,
2020/12/11,325.1993,325.1993,322.2255,323.9615,4290,,
2020/12/14,326.4691,327.4391,325.7091,325.7091,5674,,
2020/12/15,324.7813,325.99,324.68,325.3138,2665,,
2020/12/16,327.13,327.7989,325.6979,327.5903,2706,,
2020/12/17,328.2686,328.9899,327.4,327.5899,1403,,
2020/12/18,327.4839,328.4219,326.5,327.0151,8776,,
2020/12/21,326.07,326.2862,319.7,322.9291,5351,,
2020/12/22,324.7306,326.9478,324.7306,326.2184,3174,,
2020/12/23,326.9016,328.0045,326.5101,326.5101,21529,,
2020/12/24,327.619,328.1698,327.4804,327.814,1389,,
2020/12/28,329,330.5,329,329.6741,4408,,
2020/12/29,330.982,331.603,329.3237,329.8565,2771,,
2020/12/30,329.8752,330.4395,328.4349,329.0843,2401,,
2020/12/31,328.0927,329.2633,327.6174,328.6885,1449,,
2021/01/04,332.0036,332.3599,326.1401,327.2901,5961,,
2021/01/05,327,328.7947,325.8,327.684,3334,,
2021/01/06,327.39,332.88,325.7271,332.5304,7393,,
2021/01/07,332.59,335.9389,331.8,334.6385,7124,,
2021/01/08,338.45,338.45,336.6186,337.0273,5482,,
2021/01/11,338.05,338.7468,336.5002,338.3599,19977,,
2021/01/12,338.6283,338.97,337.2619,338.0752,2616,,
2021/01/13,337.797,338.99,337,338.8756,6172,,
2021/01/14,339.9022,341.7574,339.1101,340.6244,3479,,
2021/01/15,338.46,339,335.6001,337.8829,41278,,
2021/01/18,337.4181,338.55,337.1457,338.3641,34564,,
2021/01/19,339.4128,339.9799,337.61,337.9187,4042,,
2021/01/20,338.6368,342.622,338.6368,342.4789,18958,,
2021/01/21,344.1642,344.1642,341.86,342.64,4830,,
2021/01/22,340.6074,340.6319,338.1584,340.0332,20072,,
2021/01/25,341.8812,342.4244,337.52,339.4797,4328,,
2021/01/26,340.6813,342.7539,340.6632,341.2122,38649,,
2021/01/27,340,341.4824,335.36,336.9656,4774,,
2021/01/28,332.393,338.0934,329.7396,337.5633,8959,,
2021/01/29,332.3942,337.1619,330.7618,330.7618,11693,,
2021/02/01,332.57,335.1097,332,334.9934,6644,,
2021/02/02,338.0503,342.3617,337.9227,342.2,19291,,
2021/02/03,344.0512,344.1163,341.8,342.6652,4180,,
2021/02/04,342.8366,345.7821,342.7001,345.6642,2382,,
2021/02/05,347.4707,348.86,345.8878,346.8083,3509,,
2021/02/08,348.1774,349,347.7677,348.1325,5076,,
2021/02/09,348.2134,348.7536,346.8986,347.7324,7489,,
2021/02/10,348.4923,348.9064,345,346.6988,9567,,
2021/02/11,347.8818,348.5001,347.6,348.2795,1593,,
2021/02/12,347.7022,349.6595,347,349.431,2448,,
2021/02/15,351.4264,352.6998,350.88,352.4614,6348,,
2021/02/16,352.8493,352.9316,351.3,351.4581,20091,,
2021/02/17,351.52,352.4699,349.9478,350.34,3415,,
2021/02/18,351.148,351.3207,347.1999,348.2908,24431,,
2021/02/19,348.3034,350.1001,347.4843,349.58,2249,,
2021/02/22,346.22,346.6098,345.127,346.079,5852,,
2021/02/23,346.5073,346.67,339.6,343.5514,5490,,
2021/02/24,344.2276,346.9988,343.553,346.8106,3381,,
2021/02/25,347.6575,347.6575,343.2,343.3675,3763,,
2021/02/26,338.54,341.837,336.95,341.0457,5744,,
2021/03/01,344.17,347.7399,343.9,347.571,5978,,
2021/03/02,347.3612,348.574,345.6747,345.6747,3368,,
2021/03/03,347.1144,347.9143,342.95,344.94,5072,,
2021/03/04,341.9446,343.6174,339.7741,342.2132,12026,,
2021/03/05,339.27,344,337.31,338.3888,6196,,
2021/03/08,344.71,350.0785,343.4288,349.3572,8096,,
2021/03/09,347.2147,351.2237,346.8954,350.8743,3871,,
2021/03/10,349.4904,352.4749,349.4536,352.1,9268,,
2021/03/11,352.87,354.2337,351.894,354.0672,44535,,
2021/03/12,352.65,353.7639,352.01,352.6524,3145,,
2021/03/15,355.0934,356.253,353.61,354.724,3636,,
2021/03/16,357.2323,358.89,356.4045,358.107,3636,,
2021/03/17,357.8,357.9,355,355.8821,19777,,
2021/03/18,356.6963,357.5507,355.5,357.1063,2290,,
2021/03/19,354.0298,355.8999,352.4406,354.4245,2784,,
2021/03/22,352.8075,355.2967,352.8075,355.1451,4272,,
2021/03/23,354.4843,356.59,353.6701,355.9015,2198,,
2021/03/24,354.0327,356.2054,354,355.39,3247,,
2021/03/25,353.4903,354.8,350.4897,354.4017,2463,,
2021/03/26,357.1353,357.9999,356.2638,357.7935,3505,,
2021/03/29,359.1562,360.3,358.4704,359.1821,3118,,
2021/03/30,361.0464,361.4782,359.71,360.9533,20171,,
2021/03/31,360.5146,362.19,359.6255,361.63,9857,,
2021/04/01,362.7,364.33,362.1659,363.452,11596,,
2021/04/06,366.95,367.4885,366,366.8985,6302,,
2021/04/07,365.6679,366.3499,364.5638,365.061,5153,,
2021/04/08,367.1722,367.64,365.9238,367,3298,,
2021/04/09,367.5201,368.2921,367.3,368.0242,3431,,
2021/04/12,368.4889,368.99,367.6373,368.0028,4043,,
2021/04/13,369.11,369.6101,367.52,368.64,3626,,
2021/04/14,368.6624,369.6999,368.2811,368.6356,2493,,
2021/04/15,368.59,370.84,368.355,370.5412,2242,,
2021/04/16,370.73,372.0886,370.4132,371.7095,82962,,
2021/04/19,371.7712,372,368.8111,369.367,8015,,
2021/04/20,368.3615,368.68,364.139,364.3641,4763,,
2021/04/21,365.8414,367.45,365.1637,367.2547,3661,,
2021/04/22,368.4441,369.8827,367.94,369.7711,2944,,
2021/04/23,367.1175,368.7686,365.687,368.6243,6559,,
2021/04/26,368.2082,370,367.523,369.6318,3732,,
2021/04/27,369.8333,369.99,368,369.1106,3115,,
2021/04/28,370,370,368.8,368.9879,31191,,
2021/04/29,370.16,370.634,367.8583,368.1353,18221,,
2021/04/30,368.94,369.5797,367.7751,369.0279,4625,,
2021/05/03,369.9765,371,368.9789,369.95,4399,,
2021/05/04,370.14,370.8658,364.9,365.2023,19848,,
2021/05/05,368.9924,370.6,368.7861,370.4502,2987,,
2021/05/06,369.79,370.2038,366.0102,368.58,2774,,
2021/05/07,370.4112,371.192,369.3231,371.0593,3765,,
2021/05/10,371.0695,371.41,369.5,370.464,2839,,
2021/05/11,366.2317,366.5,360.3286,363.3399,32229,,
2021/05/12,363.9043,364.49,361,362.0153,3235,,
2021/05/13,357.9658,363.65,355.791,362.3199,5800,,
2021/05/14,363.82,365.71,362.8174,365.6877,3742,,
2021/05/17,366.17,366.35,363.9699,364.2741,3082,,
2021/05/18,366.58,366.7198,363.6,364.5,1916,,
2021/05/19,359.258,359.92,355.8,358.0769,9866,,
2021/05/20,361.2839,364.519,359.1999,364.519,5451,,
2021/05/21,364.74,367.686,364.2593,366.3082,3418,,
2021/05/24,366.3143,367.9998,365.4511,367.9719,2507,,
2021/05/25,368,368.2068,366.4101,366.4101,2593,,
2021/05/26,367.8033,368.0791,366.4778,368.0791,1686,,
2021/05/27,367.5915,369.8348,367,369.1452,2041,,
2021/05/28,370.0015,371.71,370,370.4342,3201,,
2021/05/31,369.9,370.0417,367.7685,367.8713,3007,,
2021/06/01,369.154,371.2463,368.25,368.8021,3397,,
2021/06/02,369.663,370.82,369,370.5586,2586,,
2021/06/03,370.6099,371.6103,367.81,371.1893,2258,,
2021/06/04,371.51,372.6499,370.9,372.2297,3258,,
2021/06/07,372.8029,373.58,371.98,372.05,19362,,
2021/06/08,372.95,373.9993,371.8,372.2531,17974,,
2021/06/09,372.7937,373.1447,372,372.931,1988,,
2021/06/10,372.8938,374.832,371.8735,373.89,7133,,
2021/06/11,373.7546,376.4937,373.719,376.3735,18195,,
2021/06/14,377.7624,378.17,375.76,375.9482,3209,,
2021/06/15,377.844,378.1938,376.3048,376.3048,2703,,
2021/06/16,377.1115,377.4039,376.2888,377.23,20571,,
2021/06/17,377.4532,380.8231,377.4532,380.8231,1946,,
2021/06/18,380.8361,380.984,376.8552,377.4148,2763,,
2021/06/21,374.9687,379.2166,374.67,379.2166,3910,,
2021/06/22,380.31,381.55,379.2028,381.3394,1802,,
2021/06/23,381.87,381.87,379.6993,379.9092,37682,,
2021/06/24,381.0307,382.99,380.9305,382.5504,1590,,
2021/06/25,382.5191,383.3299,381.16,383.2698,1852,,
2021/06/28,383.529,384.4499,382.9002,383.007,3241,,
2021/06/29,384.1548,385.85,384.01,384.92,2195,,
2021/06/30,385.1,385.563,382.715,384.9678,4637,,
2021/07/01,386.3566,387.38,384.4135,386.0481,3189,,
2021/07/02,387.76,388.952,387.7253,388.4124,3196,,
2021/07/05,388.6664,389.6794,387.87,389.5492,3441,,
2021/07/06,388.4057,390.5322,387.6932,388.3716,3836,,
2021/07/07,389.9277,391.78,389.8,391.1155,2914,,
2021/07/08,388.9582,389.2347,382.5957,385.7044,5437,,
2021/07/09,387.31,390.0152,387.2,390.0152,2147,,
2021/07/12,390.3889,391.65,388.4043,391.4116,3621,,
2021/07/13,391.7388,393.56,391.42,393.5483,3172,,
2021/07/14,392.1767,393.5691,391.73,391.8363,38148,,
2021/07/15,390.81,391.3099,389.42,390.659,4220,,
2021/07/16,390.2551,391.3999,388.7001,389.2497,5268,,
2021/07/19,386.1182,386.7299,379.5002,381.57,25689,,
2021/07/20,383.92,387.4899,382.4375,386.7554,2974,,
2021/07/21,388.4679,390.1097,387.8462,389.6542,5922,,
2021/07/22,391.4301,392.1735,390,391.4579,2443,,
2021/07/23,393.727,395.9899,393.0001,395.7825,2862,,
2021/07/26,394.56,395.0966,393,395.0966,11104,,
2021/07/27,394.7383,395.1232,391.4088,391.4088,2902,,
2021/07/28,393.352,394.753,392.5001,394.2799,2561,,
2021/07/29,393.813,394.7499,393.1759,394.3688,13045,,
2021/07/30,390.5796,393.5799,390,392.3791,2686,,
2021/08/02,394.5262,395.1499,393.0595,393.9328,2899,,
2021/08/03,393.25,394,391.3689,393.2,6192,,
2021/08/04,394.9059,395.7596,393.3,395.1661,4635,,
2021/08/05,395.2777,396.8874,395.0201,396.6906,2297,,
2021/08/06,397.4089,399.73,396.8001,399.0377,24687,,
2021/08/09,398.92,399.7874,398.5,399.5652,3457,,
2021/08/10,399.99,402,399.85,400.9353,2555,,
2021/08/11,401.43,402.3347,400.6358,401.2187,2261,,
2021/08/12,401.3682,402.1931,400.8105,401.8661,1451,,
2021/08/13,402.8467,403.2799,399.99,401.4468,67317,,
2021/08/16,399.98,401.0804,398.8,400.0312,2625,,
2021/08/17,400.15,402,399.6031,401.2766,18477,,
2021/08/18,401.6278,401.7181,400.49,401.3799,4556,,
2021/08/19,395.3626,397.88,393.4675,397.2602,5370,,
2021/08/20,396.8964,399.9595,394.9841,399.7968,3910,,
2021/08/23,401.1388,402.6551,399.85,402.5513,2622,,
2021/08/24,403.5894,403.9098,402,402.9413,1886,,
2021/08/25,403.6545,403.6798,402.8,403.307,3221,,
2021/08/26,402.0323,403.1799,401.26,401.9212,4085,,
2021/08/27,401.4124,403.4399,401.3217,403.1365,1971,,
2021/08/30,403.341,405.0899,403.25,405.0574,5379,,
2021/08/31,404.9875,405.3467,402.5101,404.2455,2593,,
2021/09/01,405.5651,406.2847,403.5,404.0366,3180,,
2021/09/02,404.03,405,403.7525,404.8301,19000,,
2021/09/03,404.6378,405.4589,402.9,404.4076,3082,,
2021/09/06,405.5649,407.1675,405.4983,406.907,23169,,
2021/09/07,405.97,406.1499,404.309,404.9415,4023,,
2021/09/08,404.1307,405.6797,402.3,403.4274,3188,,
2021/09/09,401.9058,405.7999,401.35,404.1813,6682,,
2021/09/10,403.68,404.9799,401.5,402.1176,5044,,
2021/09/13,403.66,404.6399,400.6201,401.5699,3260,,
2021/09/14,401.7461,402.6798,399.99,401,4791,,
2021/09/15,400.7766,400.8297,398.602,399.9807,2782,,
2021/09/16,402.667,403.8,401.0501,401.98,3098,,
2021/09/17,403.9288,404,400.3423,400.7661,4986,,
2021/09/20,396.3764,397.1682,392.707,393.5766,6969,,
2021/09/21,396.1675,398.3099,394.3746,396.4142,4252,,
2021/09/22,397.0297,398.6109,395.5,398.6109,2157,,
2021/09/23,400.423,402.7299,399.5805,402.3265,2034,,
2021/09/24,400.9809,402.762,399.95,401.4867,1850,,
2021/09/27,404.1553,404.6398,401.2,401.7064,2826,,
2021/09/28,400.6692,401.1388,394.06,394.3604,4144,,
2021/09/29,395.7512,398.1708,395.5,397.5087,4377,,
2021/09/30,399.621,399.8042,396.21,396.3962,30195,,
2021/10/01,390.66,394.8465,389.21,394.1027,17492,,
2021/10/04,393.4599,395.3899,389.6964,389.6964,4079,,
2021/10/05,391.6487,396.8554,391.2322,396.1817,2955,,
2021/10/06,392.9492,394.8091,390.3435,393.5842,29567,,
2021/10/07,398.9847,402.8597,398.3101,402.2,34653,,
2021/10/08,401.76,401.9525,399.6201,400.4103,37956,,
2021/10/11,398.6804,401.6462,398.12,401.45,21611,,
2021/10/12,395.0309,399.5283,395,398.66,1477,,
2021/10/13,396.75,401,396.24,397.44,3795,,
2021/10/14,400.3928,404,400,403.8983,1778,,
2021/10/15,405.3197,407.6099,405,407.0549,2802,,
2021/10/18,406.5951,407.4597,404.6801,407.27,2232,,
2021/10/19,407.64,409.4577,406.9222,409.4532,1678,,
2021/10/20,409.1896,411.1636,409.1896,410.7785,9730,,
2021/10/21,409.19,410.9969,408.8679,410.0512,1994,,
2021/10/22,411.3523,412.8685,411,411.066,2045,,
2021/10/25,411.5,413.8199,411,413.46,20337,,
2021/10/26,415.4504,417.22,415,416.4353,1858,,
2021/10/27,415.1741,415.6698,413.7,414.5626,2547,,
2021/10/28,413.9999,414.8476,412.05,413.2699,3020,,
2021/10/29,411.65,417.152,411.4971,417.152,5609,,
2021/11/01,418.4714,419.85,417.3,418.053,2978,,
2021/11/02,417.4363,419.6475,417.31,419.5297,24957,,
2021/11/03,419.4946,419.8272,418.8101,419.5451,2349,,
2021/11/04,423.4623,425,422.9,423.9099,2971,,
2021/11/05,424.05,428.2099,424,426.0903,4499,,
2021/11/08,424.8316,426.0421,424.39,425.0371,5913,,
2021/11/09,423.73,425.3579,422.272,423.6119,8106,,
2021/11/10,424.2529,425.5499,422.501,425.13,90953,,
2021/11/11,424.71,425.9788,424.1001,425.4915,45214,,
2021/11/12,426.1199,428.2798,425.62,428.2267,3654,,
2021/11/15,428.8494,430.2799,428.3356,430.012,4107,,
2021/11/16,431.36,434.0899,430.6004,433.82,8422,,
2021/11/17,434.27,434.5289,432.98,433.5042,2534,,
2021/11/18,433.17,434.24,430.1754,432.03,3052,,
2021/11/19,434.4089,435.4399,432.8,433.6,3458,,
2021/11/22,435.4283,437.7654,434.1411,435.9699,51471,,
2021/11/23,431.68,433.8299,429.1001,430.03,4674,,
2021/11/24,432.38,434,430.9,433.7407,4998,,
2021/11/25,435.3699,435.48,434.1613,434.9021,26547,,
2021/11/26,424.72,425.9299,419.5802,420.29,14031,,
2021/11/29,425.7,427.0899,423.5559,425.02,6898,,
2021/11/30,420.0151,422.63,417.15,419.7427,5571,,
2021/12/01,420.6243,424.7075,420.5,424.2299,8871,,
2021/12/02,415.88,418.5299,412.2,416.7899,8074,,
2021/12/03,420.23,421.2256,413.9011,415.677,5179,,
2021/12/06,418.6076,421.1998,415.2,420.4154,3660,,
2021/12/07,424.5558,431.98,424.4261,431.66,5539,,
2021/12/08,430.8289,432.2842,427.16,427.16,4931,,
2021/12/09,429.3329,429.7174,428,429.7174,2317,,
2021/12/10,427.5564,430.6647,426.5325,427.2881,2555,,
2021/12/13,430.4081,432.2797,426.455,426.5875,3988,,
2021/12/14,428.4488,428.8003,422.3,422.6958,2164,,
2021/12/15,424.89,425.2515,422.8529,422.8529,2560,,
2021/12/16,430.87,433.1698,428.1873,428.4053,7935,,
2021/12/17,425.5829,426.9279,420.5525,425.4196,3674,,
2021/12/20,417.594,419.829,415.6001,415.8899,6157,,
2021/12/21,420.913,423.0653,420.1158,423.0653,1919,,
2021/12/22,425.6246,427.1954,423.6645,427.1954,1482,,
2021/12/23,428.8472,431.9562,428.5,431.9058,2029,,
2021/12/24,430,431.5656,429.5,431.5656,1943,,
2021/12/27,430.692,434.9043,430.5523,434.4497,2871,,
2021/12/28,436.0178,438.7581,435.5725,436.8,3888,,
2021/12/29,437.46,438.302,433.843,434.9126,4682,,
2021/12/30,436.1548,437.6385,436,437.0381,2364,,
2021/12/31,435.43,435.7599,434.2001,434.9755,1575,,
2022/01/03,435.5429,437.2462,433.7018,435.9899,6803,,
2022/01/04,439.12,440.44,436.5,437.9566,4151,,
2022/01/05,437.44,438.0799,435.9572,436.6,4551,,
2022/01/06,430.11,431,426.85,429.9147,40766,,
2022/01/07,428.8982,431,425.002,426.7671,4443,,
2022/01/10,428.0726,428.0726,418.7517,420.9178,7556,,
2022/01/11,426.3317,428.1777,423.5987,426.1446,3518,,
2022/01/12,429.8,430.5,427.25,428.3506,3133,,
2022/01/13,426.4087,428.3,425.768,427.0699,3946,,
2022/01/14,421.5289,423.2792,419.5,421.1045,4569,,
2022/01/17,422.9716,425.0087,422.5,424.5536,4639,,
2022/01/18,421.98,422.0424,418.9,419.8967,5309,,
2022/01/19,416.8066,421.9283,416.2601,418.1352,5045,,
2022/01/20,417.15,421.5597,415.8635,421.5597,5265,,
2022/01/21,412.44,413.0599,406.512,411.8299,14785,,
2022/01/24,407.8841,408.8571,394.36,395.1345,21288,,
2022/01/25,401.1693,404.305,396.58,399.5495,24727,,
2022/01/26,403.7392,409.7539,403.2464,407.5502,9142,,
2022/01/27,400.4496,411.8163,399.5495,409.7383,5587,,
2022/01/28,405.7342,405.7899,398.6205,405.3077,49577,,
2022/01/31,410.56,413.3681,408.6162,413.2699,5390,,
2022/02/01,414.7468,416.9971,413,416.316,10874,,
2022/02/02,419.0143,420.75,417.2398,417.4897,5291,,
2022/02/03,417.08,417.1201,409.62,409.62,4683,,
2022/02/04,410.2783,410.8727,403.1,405.07,33409,,
2022/02/07,408.8264,410,405.948,408.0726,15233,,
2022/02/08,408.89,410.3199,406.7001,409.9864,3566,,
2022/02/09,412.67,415.9799,411.9133,415.6299,2858,,
2022/02/10,416.78,417.3899,412.5614,413.08,6686,,
2022/02/11,410.5062,413.4999,409,410.5054,34740,,
2022/02/14,405.8113,407.0574,402,406.2775,5119,,
2022/02/15,405.79,410.6276,405.7158,409.8196,7710,,
2022/02/16,409.43,411.2744,407.25,408.01,3541,,
2022/02/17,409.73,410.1844,404.88,406.2497,1950,,
2022/02/18,404.8084,405.4187,400.82,401.2647,5887,,
2022/02/21,402.4478,402.7999,396.4,396.8982,6067,,
2022/02/22,394.1467,401.2235,393.2,398.0871,10242,,
2022/02/23,398.8472,400.5821,394.7094,395.5607,6418,,
2022/02/24,384.26,391.8742,382.19,390.4165,23142,,
2022/02/25,395.32,402.6943,393.4115,402.6943,4336,,
2022/02/28,401.05,405,398.6967,404.6615,46972,,
2022/03/01,405.9915,406.9939,401.0985,402.2107,7964,,
2022/03/02,400.986,407.8781,399.6534,406.3138,3680,,
2022/03/03,408.2123,410.4326,404.9169,405.836,10940,,
2022/03/04,404.8062,406.5881,400.9312,401.9673,10172,,
2022/03/07,398.8872,404.43,396,400.0001,13412,,
2022/03/08,392.7818,397.075,390.64,391.4444,11154,,
2022/03/09,394.7151,398.1,394.1526,397.3501,59916,,
2022/03/10,398.3883,400.7604,392,394.4608,4492,,
2022/03/11,398.42,403.9294,397.3057,398.589,43753,,
2022/03/14,398.01,399.1981,394.0001,394.4292,44551,,
2022/03/15,390.0385,398.238,387.7368,398.1099,5642,,
2022/03/16,403.8,406.97,402.998,405.8,7929,,
2022/03/17,408.24,408.4499,404.9,407.3476,18745,,
2022/03/18,409.9318,413.9349,408.7266,413.7675,2880,,
2022/03/21,415.2381,418.6,415,416.69,4645,,
2022/03/22,418.9095,421.62,417.4511,421.0146,5585,,
2022/03/23,421.7919,422.0899,419.7243,420.2205,3112,,
2022/03/24,420.4161,421.43,419.2,419.9798,17983,,
2022/03/25,421.7478,423.94,420.3,422.3389,3593,,
2022/03/28,424.33,425.97,423.3,423.5337,5752,,
2022/03/29,426.93,428.44,424.8288,426.361,6727,,
2022/03/30,426.8687,427,423.9,424.7026,4031,,
2022/03/31,424.2657,426.4076,423.8422,423.9815,4479,,
2022/04/01,422.5385,424.4919,422.0411,422.68,2417,,
2022/04/04,424.3226,427.8104,422.8,427.546,3285,,
2022/04/05,429.27,430,427.55,429.0446,4685,,
2022/04/06,427.1058,427.9999,419.5,420.7969,4698,,
2022/04/07,421.64,424,419.4314,419.4314,2269,,
2022/04/08,425.7598,426.7,423.0277,425.477,3239,,
2022/04/11,422.6419,422.6419,418.3,419.1981,3573,,
2022/04/12,415.9789,421.5691,414.7278,421.2738,4899,,
2022/04/13,419.2652,419.8294,416.9201,419.0835,2374,,
2022/04/14,419.5073,423.4997,418.7586,421.9487,1748,,
2022/04/19,420,422.4273,416.0001,422.1222,3104,,
2022/04/20,421.3787,425,421.2782,422.66,3568,,
2022/04/21,421.9775,425,421.4502,422.9904,2852,,
2022/04/22,417.1122,418.186,412.6322,412.6322,5397,,
2022/04/25,405.1131,408.1671,404.1625,405.82,8096,,
2022/04/26,411.6171,412.2175,405.7,406.0086,3169,,
2022/04/27,405.8945,410.989,404,409.4697,4122,,
2022/04/28,412.8349,415.4013,409.497,412.0142,19958,,
2022/04/29,415.873,417,411.197,412.6583,7269,,
2022/05/02,406.62,410.5075,402.93,404.1568,6919,,
2022/05/03,407.6583,410.0787,405.2798,410.0787,3206,,
2022/05/04,409.6125,409.9421,404.7717,404.7717,2024,,
2022/05/05,415.3646,415.7105,405.0001,405.57,2741,,
2022/05/06,404.7796,404.9599,394.7109,399.9432,9078,,
2022/05/09,398.6157,399.3008,389.2501,389.5505,6572,,
2022/05/10,390.8339,394.0938,386.2503,387.0119,5131,,
2022/05/11,389.9956,393.7899,385.7946,391.7536,4049,,
2022/05/12,383.5058,390.9795,382.6,388.4124,6300,,
2022/05/13,392.0022,398.4792,391.6023,397.27,5701,,
2022/05/16,396.1516,397.9196,394.4415,395.78,4344,,
2022/05/17,397.7494,401.9,395.4,398.28,5585,,
2022/05/18,399.4043,400.106,392.1,392.4025,3659,,
2022/05/19,387.8054,388.56,381.99,384.644,6274,,
2022/05/20,386.8582,389.6675,382.5462,383.9866,4076,,
2022/05/23,388.7096,389.417,383.9,388.3527,8556,,
2022/05/24,382.7586,384.7742,378.6508,379.5189,5308,,
2022/05/25,386.1848,387.8505,383.4606,386.4367,4572,,
2022/05/26,387.4558,392.7996,387.3,392.016,1116,,
2022/05/27,392.8077,399.5767,392,399.5767,3081,,
2022/05/30,403.7979,404.8147,401.0039,402.2834,3253,,
2022/05/31,400.6795,402.3755,396.2379,396.2379,3775,,
2022/06/01,400.9257,402.545,397.524,397.9407,17413,,
2022/06/02,398.85,399.9884,396,398.9126,2170,,
2022/06/03,402.3062,402.4902,396.7487,397.6997,1578,,
2022/06/06,400.29,403.8672,399.8351,401.1472,2410,,
2022/06/07,398.13,400.8712,396.2401,399.8921,2489,,
2022/06/08,401.6052,401.85,398.1602,400.5627,1717,,
2022/06/09,397.8705,400.9,394.6842,396.8305,2864,,
2022/06/10,392.3061,397,384.5,384.934,5615,,
2022/06/13,379.74,381.1873,373.43,375.4852,8975,,
2022/06/14,377.5,378.0275,371.8023,372.6575,3974,,
2022/06/15,372.1375,377.3,370.8977,375.5221,3701,,
2022/06/16,374.5134,375.0077,362.7001,364.69,6624,,
2022/06/17,364.7026,367.5814,361.7901,364.606,5181,,
2022/06/20,364.3653,366.4028,363.41,366.4028,4396,,
2022/06/21,367.882,371.1695,367.16,370.5099,3293,,
2022/06/22,366.7752,370.784,364.5,369.813,5899,,
2022/06/23,367.3816,372.6049,366.5711,370.5228,6339,,
2022/06/24,373.323,379.6272,373.323,379.1454,2760,,
2022/06/27,382,384,379.15,380.6,6026,,
2022/06/28,382.3337,386.1296,380.3871,380.5542,4632,,
2022/06/29,375.9752,378.692,374.65,377.2589,1525,,
2022/06/30,373.255,375.3354,370.6672,373.4429,11146,,
2022/07/01,369.9641,377.5609,369.543,375.2527,4261,,
2022/07/04,376.9669,377.94,375.7616,377.252,2404,,
2022/07/05,379.1466,380.9751,375.3001,376.1199,3407,,
2022/07/06,383.1622,387.2695,382.1311,384.76,4163,,
2022/07/07,387.5787,392.38,387,392.3309,6570,,
2022/07/08,392.38,395.4576,390.9397,394.334,4819,,
2022/07/11,391.1122,394.6029,390,392.0766,1351,,
2022/07/12,391.4758,394,390.5,393.027,1163,,
2022/07/13,391.3178,393,384.6326,386.8278,1932,,
2022/07/14,388.0675,388.4299,382.5,383.6954,762,,
2022/07/15,386.46,391.4,385.5,390.7127,1382,,
2022/07/18,392.8543,394.99,391,392.436,2287,,
2022/07/19,388.5809,392.8077,385.4699,392.8077,2061,,
2022/07/20,395.7418,398.2999,394.448,398.2063,1318,,
2022/07/21,397.6603,399.3308,395,399.3308,2849,,
2022/07/22,400.086,403.4586,398.9019,398.9019,1712,,
2022/07/25,398.4579,400,397,398.9318,2579,,
2022/07/26,398.1173,400.91,397.5,398.166,1723,,
2022/07/27,400.1494,402.8643,399,402.372,6992,,
2022/07/28,403.4599,407.8131,402,407.7141,6314,,
2022/07/29,409.5625,414,409.2277,411.2295,2762,,
2022/08/01,412.5145,413.5499,409.7763,412.2025,3060,,
2022/08/02,410.07,413.42,408.7,412.3878,2272,,
2022/08/03,411.9887,416.81,411.205,416.4877,6968,,
2022/08/04,416.4956,418.3123,414,414.939,7338,,
2022/08/05,415.56,416.5,413.0838,414.0774,3718,,
2022/08/08,417.5914,419.2551,415.6403,417.0048,2892,,
2022/08/09,415.625,416,411.3001,412.4996,3856,,
2022/08/10,411.9838,416.2903,411.5,416.2007,4334,,
2022/08/11,419.2574,420.5138,417.1634,418.8965,2507,,
2022/08/12,418.8425,422.8999,418.4684,422.6992,2649,,
2022/08/15,425.2642,427.5568,424,427.5406,3776,,
2022/08/16,429.527,431,427.0193,429.6145,3241,,
2022/08/17,430.6474,430.93,425.5597,425.8355,2596,,
2022/08/18,425.9324,429.1943,425.63,429.1943,2273,,
2022/08/19,428.75,429.34,426.4326,426.631,4070,,
2022/08/22,426.093,426.7599,422.3202,424.0211,2508,,
2022/08/23,422.9562,424.46,420.1801,421.2,1462,,
2022/08/24,421.0667,423.6239,419.3201,422.7874,1438,,
2022/08/25,424.89,425.6299,423.1327,424.5624,1863,,
2022/08/26,427.2909,427.9143,417.4427,418.7256,3384,,
2022/08/29,413.3363,413.4127,409.5,411.4054,4921,,
2022/08/30,412.6716,414.58,405.68,407.1134,2219,,
2022/08/31,408.63,409.4183,403.3385,403.5847,3911,,
2022/09/01,400.5042,401.7047,398,400.9787,4459,,
2022/09/02,403.29,410.01,402.1,406.6249,2516,,
2022/09/05,404.38,404.38,401.8001,403.9925,3254,,
2022/09/06,403.0302,405.8799,400.31,403.7,2320,,
2022/09/07,400.4235,402.4791,399.7,401.9627,2940,,
2022/09/08,405,407.823,401.5,407.7323,2267,,
2022/09/09,405.9714,411.6622,405.5,410.7651,2288,,
2022/09/12,408.7107,414.36,407.7541,413.6643,6820,,
2022/09/13,414.58,415.4414,405,406.45,3059,,
2022/09/14,404.3225,404.8692,401.2,403.2976,4613,,
2022/09/15,404.97,405.4512,399.17,400.9751,2428,,
2022/09/16,396.2663,397.5599,392.5,393.4368,4679,,
2022/09/19,394.08,396.5016,392,394.61,4572,,
2022/09/20,397.75,399.0607,393,394.0976,1980,,
2022/09/21,395.08,399.1534,394.6,398.6809,27484,,
2022/09/22,390.4964,394.1035,389.5,390.1553,6408,,
2022/09/23,389.8,390.26,385.0908,385.6001,8053,,
2022/09/26,385.8944,389.4653,383.926,386.4836,4657,,
2022/09/27,388.0036,390.1024,386.3942,386.3942,2330,,
2022/09/28,384.98,388.3,381.6933,387.6699,5042,,
2022/09/29,386.1381,386.1381,377.5005,378.1857,8058,,
2022/09/30,379.2649,385.65,377.5,380.8415,3394,,
2022/10/03,374.32,380.9042,372.2,380.66,8721,,
2022/10/04,384.471,388.9515,384.471,388.1686,4472,,
2022/10/05,387.1586,389.09,386.3976,387.5836,2247,,
2022/10/06,390.0961,392.5,387.5,390.5743,2511,,
2022/10/07,389.0423,393,382.6108,382.6108,2742,,
2022/10/10,381.04,384.2012,379.985,380.8128,2911,,
2022/10/11,377.2773,379.6599,375.25,378.3785,4555,,
2022/10/12,378.2443,380.631,375.58,377.0804,2553,,
2022/10/13,375.4496,382,368.9901,377.6273,4301,,
2022/10/14,384.7154,387,378.0209,378.5854,2469,,
2022/10/17,379.3261,384.2819,377.8456,382.3508,4825,,
2022/10/18,385.5698,389.1,383.5014,383.5014,1984,,
2022/10/19,385.9857,387.8106,384.1,384.8123,2713,,
2022/10/20,383.3503,386.9403,381.6885,385.4571,1206,,
2022/10/21,381.0193,385,379.2,383.7581,1341,,
2022/10/24,387.9,391.01,385,388.18,2461,,
2022/10/25,390.7603,392.12,388.3402,392.0388,1475,,
2022/10/26,390.0409,393.0595,388.7832,392.6249,3886,,
2022/10/27,389.2534,393,388.1,391.5331,2863,,
2022/10/28,386.8155,395.2116,386.5,394.5595,3412,,
2022/10/31,396.7176,399.4,395.6001,397.14,4523,,
2022/11/01,399.8228,401.3399,397,398.2828,4187,,
2022/11/02,398.6404,398.9456,395.01,395.7649,2272,,
2022/11/03,392.18,393.2299,388,391.52,3604,,
2022/11/04,390.91,393.75,386.71,388.1358,4189,,
2022/11/07,388.431,391.51,388.3,389.8217,3628,,
2022/11/08,390.06,393.5574,390,393.5574,1899,,
2022/11/09,391.72,391.9183,388.6295,389.1729,4061,,
2022/11/10,386.8846,398.025,386.72,397.9562,2862,,
2022/11/11,400.8001,401.6454,396.9256,396.9256,3143,,
2022/11/14,398.78,400.21,397.4415,398.3589,3734,,
2022/11/15,397.0594,400.6895,395.7102,400.6439,3609,,
2022/11/16,398.62,398.9932,394.1332,395.1165,2125,,
2022/11/17,396.48,396.8499,391.7097,393.3889,2969,,
2022/11/18,394.0732,398.1646,394,396.2329,1399,,
2022/11/21,397.79,399.25,397,397.6073,2801,,
2022/11/22,398.1226,400.6043,397.1,400.4555,2039,,
2022/11/23,400.9079,402.2698,400.23,401.6627,3463,,
2022/11/24,401.4984,403.21,400.8401,402.304,3288,,
2022/11/25,401.91,403.1,401.25,401.7942,6725,,
2022/11/28,399.8462,400.47,395.7,398.7848,4356,,
2022/11/29,398.8222,399.8199,396.31,396.31,4305,,
2022/11/30,398.3095,399.0697,396.2,398.85,2334,,
2022/12/01,406.39,406.39,401.1902,402.63,3111,,
2022/12/02,401.6753,402.8899,398.5,401.1895,3764,,
2022/12/05,400,400.5699,397.2523,397.6879,4344,,
2022/12/06,396.594,397.6261,391.6,392.28,3400,,
2022/12/07,392.58,392.86,387.6321,389.7925,8593,,
2022/12/08,390.24,392.48,389.7,390.7073,3261,,
2022/12/09,392.0528,393.93,389.8,392.597,1922,,
2022/12/12,390.1313,391.875,389,391.1535,3342,,
2022/12/13,393.875,403,393.221,396.6958,5183,,
2022/12/14,394.8468,396.1,393,396.026,4046,,
2022/12/15,390.2722,391.31,381.7499,382.1817,9042,,
2022/12/16,382.0796,382.52,377.8,379.268,5974,,
2022/12/19,379.7562,381.1899,377.6149,377.6149,3578,,
2022/12/20,373.99,377.8599,373.2,376.2906,3456,,
2022/12/21,378.204,383.225,377.0603,382.9101,4136,,
2022/12/22,382.72,383.58,376.55,377.1231,2874,,
2022/12/23,377.885,379.6197,376,377.7564,2644,,
2022/12/27,381.38,381.6314,377,378.1527,3149,,
2022/12/28,378.9709,379.2737,375.8,376.0713,2970,,
2022/12/29,374.5351,379.0979,374,378.99,2666,,
2022/12/30,377.4773,378.1799,374.6,375.1888,5397,,
2023/01/02,385.2795,385.2795,378.4133,383.7455,2323,,
2023/01/03,381.8283,386.1881,380,380.0147,3478,,
2023/01/04,381.05,383.4867,380.1,383.4867,1587,,
2023/01/05,381.42,385,380.094,381.1838,5427,,
2023/01/06,381.6631,385.43,381.1,384.8602,2564,,
2023/01/09,385.07,387.8394,384.6842,387.1474,4069,,
2023/01/10,382.7954,384.359,381.6513,382.9224,4211,,
2023/01/11,384.895,387.2197,384.6811,386.8524,2515,,
2023/01/12,388.88,390.31,382.5,387.6954,3373,,
2023/01/13,388.1074,389.5866,386.0201,388.7841,4393,,
2023/01/16,390.6016,391.3451,389.2863,390.8354,3391,,
2023/01/17,390.1173,393.2749,389.29,391.8982,4781,,
2023/01/18,391.53,392.9,389.6045,389.6045,3347,,
2023/01/19,386.9361,387.1099,383.56,383.9513,3438,,
2023/01/20,384.8277,386.8,383.4999,386.8,2871,,
2023/01/23,387.6674,393.1618,386.8,392.6818,3260,,
2023/01/24,392.1014,392.6,390.47,391.7169,4250,,
2023/01/25,391.2203,391.3988,386.2684,388.7134,3478,,
2023/01/26,392.229,394.3233,392,393.3197,2511,,
2023/01/27,394.5048,397.2244,394,396.75,3130,,
2023/01/30,394.6553,395.711,392.3,394.9298,5045,,
2023/01/31,393.9914,394.9727,391,394.6288,8726,,
2023/02/01,395.8423,396.2468,392.7706,393.9295,3735,,
2023/02/02,397.2216,403.4709,396.7086,403.4709,4511,,
2023/02/03,401.4458,405.8055,400.1305,405.8055,3313,,
2023/02/06,402.3039,403.6131,400.5001,403.6131,2677,,
2023/02/07,403.5833,404.5934,402.8742,404.4645,2896,,
2023/02/08,406.9195,407.1841,403.7907,403.7907,3095,,
2023/02/09,406.4986,407.5,404.3778,404.5139,2671,,
2023/02/10,400.9153,402.9145,399.5987,402.2528,5066,,
2023/02/13,402.5633,405.6042,402.5,405.1667,3113,,
2023/02/14,405.6614,407,403.2296,403.2296,3545,,
2023/02/15,403.8633,407,403.7,406.8276,4469,,
2023/02/16,408.8341,409,404.4,406.7049,2607,,
2023/02/17,403.144,404.3988,401.3493,401.8181,5455,,
2023/02/20,402.7294,403.5499,402.01,402.1915,1789,,
2023/02/21,401.7683,402.2518,398.2736,398.5096,5916,,
2023/02/22,397.8052,398.9031,396.3413,398.3823,3312,,
2023/02/23,399.5612,401.3995,398,398.2761,1978,,
2023/02/24,400.4194,400.6297,394.7475,396.0723,2704,,
2023/02/27,399.1111,400.7047,398.1431,398.1431,6031,,
2023/02/28,396.5789,398.5838,395.7384,397.0597,4101,,
2023/03/01,396.6854,396.9132,391.7829,392.7563,3977,,
2023/03/02,391.5802,395.3158,391.3,394.7203,2486,,
2023/03/03,397.708,401.3913,397.2549,401.1592,3371,,
2023/03/06,402.6788,403.2976,401.343,402.776,3591,,
2023/03/07,401.4503,402.8743,400,400.387,3988,,
2023/03/08,400.0225,401.2398,399.3754,399.4798,2911,,
2023/03/09,399.9998,401.3584,398.5727,399.9158,2170,,
2023/03/10,390,395,386.4,391.2781,8876,,
2023/03/13,387.2369,387.8397,378.2,381.8072,12629,,
2023/03/14,382.9008,393,381.81,387.5493,5804,,
2023/03/15,385.8495,387.3937,381,384.3169,7266,,
2023/03/16,387.4152,390.3892,384,389.302,5690,,
2023/03/17,391.5509,392.1814,385.25,386.2344,3158,,
2023/03/20,384.5705,388.5676,382,386,4048,,
2023/03/21,388.8782,391.0226,388.8,389.6283,2164,,
2023/03/22,390.4546,391.9808,390.0033,390.2731,5257,,
2023/03/23,384.9353,388.5133,383.8,387.2175,3158,,
2023/03/24,386.2998,387.1987,383.8,386.1239,5703,,
2023/03/27,390.6084,391.1003,388.4025,389.1974,6522,,
2023/03/28,389.966,389.966,386.5,387.1648,2839,,
2023/03/29,390.4955,391.9916,389.5932,391.1837,3511,,
2023/03/30,393.3925,394.1992,392,393.0515,4565,,
2023/03/31,394.1726,397.9244,393.2604,397.3385,4463,,
2023/04/03,400.2306,400.272,398,398.5673,3694,,
2023/04/04,399.7279,401.0472,395.449,396.2139,6470,,
2023/04/05,396.2878,397.0413,394.5515,395.2349,3798,,
2023/04/06,396.0294,396.9985,394.9958,395.5935,3554,,
2023/04/11,399.4112,399.4758,397.49,398.2717,3193,,
2023/04/12,398.1096,400.1,395.6,396.6521,2008,,
2023/04/13,396.4258,396.6439,394.1,395.9454,3855,,
2023/04/14,397.6414,400.5878,397.2,398.7381,3953,,
2023/04/17,400.2536,401.6502,399.6984,400.6772,3418,,
2023/04/18,402.3156,403.5131,400.85,401.2114,6114,,
2023/04/19,400.8404,401.232,399.5,400.608,1560,,
2023/04/20,400.5246,400.8261,398.5,399.4296,3869,,
2023/04/21,399.9148,400.188,398.2356,399.3514,3320,,
2023/04/24,398.3714,399.204,397.3963,397.6859,2634,,
2023/04/25,396.7398,397.7942,395.9319,396.9056,3196,,
2023/04/26,395.0131,395.2057,390.6306,392.9461,3110,,
2023/04/27,392.7223,395.232,391.751,394.9399,2416,,
2023/04/28,397.3192,399.78,395.9001,398.5883,4578,,
2023/05/02,400.9248,401.48,394.3143,394.7336,4612,,
2023/05/03,396.4882,399,394.6,395.1025,2279,,
2023/05/04,392.8574,396,390.5,392.2397,6269,,
2023/05/05,393.2216,398.0428,392.5571,397.4256,2951,,
2023/05/08,397.8339,399.4782,397.6314,399.0814,2139,,
2023/05/09,399.4796,400.3505,398.7004,400.3505,2130,,
2023/05/10,399.7965,401.3002,398.28,399.6214,2956,,
2023/05/11,402.6428,403.1617,399.35,400.7644,3027,,
2023/05/12,402.0606,403.7586,401.4436,402.1504,4399,,
2023/05/15,403.8905,404.481,401.81,403.2861,3603,,
2023/05/16,402.7631,403.6508,401.98,402.7106,1445,,
2023/05/17,401.8558,404.5,401.5,403.7327,1588,,
2023/05/18,406.2515,410,406.2515,409.6385,5523,,
2023/05/19,410.9079,412.0136,409.2931,409.2931,2060,,
2023/05/22,409.7166,411.112,408.806,410.8005,2539,,
2023/05/23,409.6126,410.7,408.9,409.8554,2904,,
2023/05/24,405.6786,406.0855,402.0481,403.3944,4172,,
2023/05/25,405.8141,407.4969,404.471,405.218,4120,,
2023/05/26,406.5742,412.0178,405.25,410.8262,10889,,
2023/05/29,412.4296,412.6552,411.6655,412.36,2090,,
2023/05/30,412.7035,413.7997,409.85,410.204,4153,,
2023/05/31,409.4611,411.2362,407.3802,407.8758,4901,,
2023/06/01,409.9656,411.8796,407.2,409.85,9127,,
2023/06/02,411.9966,417.7443,411.6119,417.4625,4831,,
2023/06/05,418.708,420.0409,417.419,418.6983,3836,,
2023/06/06,417.4034,419.9,417,419.2052,2133,,
2023/06/07,419.2124,419.6551,417.7,418.4487,1991,,
2023/06/08,416.6976,417.4233,414.7597,416.2413,2766,,
2023/06/09,417.0809,419.6415,416.1,418.3184,1993,,
2023/06/12,419.95,419.9999,418.0062,419.4941,3796,,
2023/06/13,421.3366,423.5941,420.0001,423.3671,8372,,
2023/06/14,423.5841,424.7263,422.224,423.4047,7891,,
2023/06/15,422.3965,422.7022,418.6495,421.9538,4139,,
2023/06/16,422.8196,424.9,422.3001,423.827,2327,,
2023/06/19,422.1759,422.989,421,421.3111,4142,,
2023/06/20,420.5503,421.5357,418.5689,419.3636,2640,,
2023/06/21,419.3657,420.4689,416.5,417.2637,3588,,
2023/06/22,414.4594,416.345,413.0287,416.345,6218,,
2023/06/23,415.932,419.2101,414.768,415.809,3118,,
2023/06/26,415.5532,416.328,414.168,414.9077,3777,,
2023/06/27,414.715,415.7774,412.2149,414.4186,3039,,
2023/06/28,416.8444,418.7078,415.8117,418.511,3015,,
2023/06/29,418.5865,420.3954,417.6729,420.0491,3790,,
2023/06/30,421.463,424.2668,421.2113,423.6285,4108,,
2023/07/03,425.4853,426.2432,423.706,424.6137,6452,,
2023/07/04,425.0148,425.675,424.64,425.2294,6179,,
2023/07/05,424.1278,425,422.5001,424.956,4509,,
2023/07/06,422.8327,423.2524,417.3036,417.9028,3859,,
2023/07/07,418.1189,419.8032,417.35,417.8025,4300,,
2023/07/10,415.0348,417.3888,414.5765,416.2103,5420,,
2023/07/11,416.8559,418.4473,415.8,417.9109,2014,,
2023/07/12,418.8746,422.6369,418.5244,419.8479,2144,,
2023/07/13,419.8408,420.9826,419.4955,420,2625,,
2023/07/14,420.1137,421.4995,419.2,419.957,2767,,
2023/07/17,418.1914,419.736,417.572,419.399,4067,,
2023/07/18,419.0116,422,418.3776,421.865,4188,,
2023/07/19,424.1241,426.0416,423.0261,425.5953,5530,,
2023/07/20,423.4212,425.758,423.4212,425.758,2782,,
2023/07/21,425.0831,426.9057,424.8202,426.1903,3711,,
2023/07/24,424.6399,428.5,424.2271,428.0338,3748,,
2023/07/25,428.628,430.698,427.92,430.1411,5521,,
2023/07/26,430.096,430.3399,427.9,428.5464,2740,,
2023/07/27,430.4889,435.9499,430,434.7649,4971,,
2023/07/28,432.3172,433.76,432,433.3908,2977,,
2023/07/31,433.0062,434.5,432.3247,433.2966,6160,,
2023/08/01,434.9562,435.39,432.6908,433.3158,5691,,
2023/08/02,429.6679,431.2924,427.6855,428.6311,5533,,
2023/08/03,427.3317,428.2126,424.7402,426.362,8078,,
2023/08/04,427.5493,428.6202,424.1697,425.7433,3373,,
2023/08/07,425.3883,426.06,424.6,424.95,3719,,
2023/08/08,425.1574,426.4619,423.3206,424.014,4386,,
2023/08/09,427.212,427.4699,423.18,423.708,4738,,
2023/08/10,424.656,427.2399,423.5,425.607,3607,,
2023/08/11,423.8492,424.2599,421.81,422.827,3118,,
2023/08/14,423.6574,426.3323,423.382,425.3098,2964,,
2023/08/15,425.8738,426.98,420.8,422.4343,1912,,
2023/08/16,421.1701,422.0638,420.42,421.6909,2351,,
2023/08/17,420.1732,420.7636,418.4014,418.9497,3195,,
2023/08/18,416.4945,416.8558,413.7374,415.5747,7260,,
2023/08/21,416.3567,417.9922,415.5,415.8847,3821,,
2023/08/22,417.8709,421.273,417.6348,419.8311,2416,,
2023/08/23,420.3132,422.7855,420.3,422.5324,2559,,
2023/08/24,426.0425,426.6575,420.7026,420.7026,2047,,
2023/08/25,420.2877,421.7879,419,420.8197,2169,,
2023/08/28,422.6432,425.4256,422.0017,424.1975,2744,,
2023/08/29,425.5564,427.7333,424.5,427.7333,4134,,
2023/08/30,428.5372,429.2457,425.5262,427.596,3464,,
2023/08/31,429.3064,432.2626,428.5511,430.8191,2332,,
2023/09/01,430.6837,433.6318,430.5,432.8023,3658,,
2023/09/04,434.1611,434.7591,432.83,432.9602,4633,,
2023/09/05,432.5645,435.3771,431.8419,434.5,2960,,
2023/09/06,432.498,432.6911,430.6501,430.9633,2666,,
2023/09/07,430.0516,431.05,428.5,430.0976,10016,,
2023/09/08,430.5783,431.1237,428.3901,431.1237,3327,,
2023/09/11,431.3634,432.5398,430.43,430.8812,5340,,
2023/09/12,432.4204,432.7899,430.881,431.1624,2789,,
2023/09/13,429.9464,431.2799,428.9085,431.0518,2841,,
2023/09/14,431.9988,437.2992,431.0518,436.4577,3767,,
2023/09/15,439.0182,439.52,434.25,434.6718,4539,,
2023/09/18,434.4152,434.5099,432.05,432.6192,4060,,
2023/09/19,432.5485,433.6597,429.7878,430.7062,3695,,
2023/09/20,431.9683,433,431.4299,431.883,2684,,
2023/09/21,429.1103,429.2097,424.5911,424.9925,6114,,
2023/09/22,423.3303,425.3578,423.1,424.8149,4844,,
2023/09/25,423.4118,424.9999,421.25,424.7465,5721,,
2023/09/26,423.506,423.8215,420.85,421.4151,3167,,
2023/09/27,421.9154,423.8962,421.8,422.4661,5458,,
2023/09/28,423.1944,423.6072,420.0001,422.9325,8678,,
2023/09/29,423.4433,425.88,423.35,423.766,10546,,
2023/10/02,423.3846,424.4365,421.6,423.6719,7483,,
2023/10/03,423.1732,423.8899,417.8223,417.941,7074,,
2023/10/04,415.6138,422.2785,415,416.9388,9078,,
2023/10/05,418.902,419.6341,416.23,416.7563,5704,,
2023/10/06,418.3435,420.1196,416,419.2261,4085,,
2023/10/09,420.3026,422.1,419.23,422.1,3113,,
2023/10/10,425.4593,428.0288,424.52,427.8745,4453,,
2023/10/11,426.4411,428.0948,425.8205,426.1766,5144,,
2023/10/12,429.1362,430.3524,428.6218,429.4544,2348,,
2023/10/13,428.2965,429.9125,426.0404,426.8922,3155,,
2023/10/16,426.6338,429.1353,424.5224,428.7689,3405,,
2023/10/17,428.2706,428.794,425.2479,427.6912,2623,,
2023/10/18,426.4397,427,424.9,425.4681,4565,,
2023/10/19,422.1414,422.8753,419.7506,420.804,6330,,
2023/10/20,416.3528,417.4413,413,413.2425,7528,,
2023/10/23,413.0784,413.7196,408.8002,411.7495,7641,,
2023/10/24,410.5896,415.3138,410.2001,414.2077,8771,,
2023/10/25,413.0353,414.6799,411.0101,412.3078,4586,,
2023/10/26,407.9686,410.51,405.2542,409.03,10568,,
2023/10/27,408.1394,409,405.1,405.3799,19442,,
2023/10/30,407.3182,408.0016,404.2,405.8599,6377,,
2023/10/31,406.1057,409.7563,405.9,409.7563,5757,,
2023/11/01,411.0091,414.8634,410.2002,414.1194,3505,,
2023/11/02,415.9753,420.2908,415.6068,420.2908,4863,,
2023/11/03,421.3974,422.567,420.0271,422.3516,4614,,
2023/11/06,421.9494,422.2,421.1,421.2213,3865,,
2023/11/07,421.2142,424.2409,421.0761,423.8162,2297,,
2023/11/08,422.7859,424.6078,422.1662,422.3529,2730,,
2023/11/09,423.2727,425.1063,422.8174,424.2944,3322,,
2023/11/10,422.701,423.5207,420.46,423.2737,3801,,
2023/11/13,424.776,426.1562,424.3748,425.8614,6866,,
2023/11/14,426.015,429.7756,424.915,428.8775,4191,,
2023/11/15,429.2317,431,429.2317,430.048,4108,,
2023/11/16,429.6426,429.8935,427.1835,427.812,3154,,
2023/11/17,430.7392,431.4516,428.8858,429.3662,3505,,
2023/11/20,428.5129,429.6309,428.1,429.5827,5211,,
2023/11/21,430.09,430.5084,428.9,429.889,2295,,
2023/11/22,430.7618,434.0883,430.7,433.5253,4619,,
2023/11/23,432.6663,433.4094,432,433.0304,1827,,
2023/11/24,432.5245,433.3394,431.6583,432.2201,3324,,
2023/11/27,431.2354,432.2737,430.3,431.7633,4154,,
2023/11/28,430.6755,430.8956,428.6593,430.8338,3413,,
2023/11/29,430.4865,432.9997,430.0843,431.3703,4355,,
2023/11/30,432.5735,434.3653,432.1424,432.9943,4220,,
2023/12/01,435.3705,438.2781,434.9384,438.0694,5477,,
2023/12/04,438.0441,438.7665,437.0002,437.2898,11485,,
2023/12/05,437.3814,439.75,436.5,439.4933,4677,,
2023/12/06,441.204,442.2314,440.325,440.325,4320,,
2023/12/07,439.4485,441.3138,438.6067,440.6568,3817,,
2023/12/08,441.1958,444.272,440.9,443.2661,4197,,
2023/12/11,444.2728,446.0562,443.26,445.1534,4500,,
2023/12/12,445.7271,446,443.8758,444.867,3373,,
2023/12/13,446.8693,447.4627,446.4629,446.7627,2994,,
2023/12/14,450.675,451.4119,446.1535,446.5696,7248,,
2023/12/15,448.1181,449.9999,448,449.6964,3436,,
2023/12/18,449.1674,450,448.5,449.7826,4972,,
2023/12/19,450.4554,450.8689,449.2,450.2555,6317,,
2023/12/20,451.5827,452,450.5001,451.8132,2717,,
2023/12/21,448.7928,449.5126,447.0062,448.1921,4875,,
2023/12/22,448.5199,450.4754,447.7022,449.7157,5087,,
2023/12/27,450.3074,450.9147,447.5,448.3282,5694,,
2023/12/28,449.9445,450.6946,448.4,450.1265,4847,,
2023/12/29,451.1828,452.034,448.8371,448.8371,5024,,
2024/01/02,452.2223,452.5,449.704,451.0107,7976,,
2024/01/03,450.7371,451.2701,448.3,449.0373,6870,,
2024/01/04,448.8522,453.2086,446.846,448.8048,11056,,
2024/01/05,446.845,448.6651,445.71,447.8262,4561,,
2024/01/08,447.28,449,445.9,448.7236,17328,,
2024/01/09,451.6765,452,449.8912,452,6882,,
2024/01/10,452.3928,453.2943,451.5184,452.0869,3671,,
2024/01/11,454.7298,456.41,450.11,450.2469,4869,,
2024/01/12,452.4506,455.0819,452,453.6549,4378,,
2024/01/15,454.3487,454.8029,453.1075,453.831,4362,,
2024/01/16,451.9967,455.6028,451.8165,454.9421,9989,,
2024/01/17,451.1338,455.9999,449.9551,451.8669,6202,,
2024/01/18,450.9752,454.0247,450.5658,453.7904,6568,,
2024/01/19,455.5301,456.63,454.612,455.4356,3888,,
2024/01/22,459.7713,461.63,459.1598,460.5517,6280,,
2024/01/23,460.1251,462,459.2,461.0997,5085,,
2024/01/24,463.4046,464.1598,462.3,463.4604,4702,,
2024/01/25,462.0905,465.708,461.5,465.708,3967,,
2024/01/26,465.0949,466.551,464.2486,466.03,6461,,
2024/01/29,466.5755,468.4102,466.25,468.0814,10954,,
2024/01/30,469.7695,470.7182,468.3169,469.1618,9592,,
2024/01/31,469.5383,469.9999,465.5521,466.3853,5412,,
2024/02/01,466.1221,467.0431,463.5001,464.2287,11536,,
2024/02/02,468.4453,472.0052,467.998,472.0052,6360,,
2024/02/05,472.3644,474.1197,471.6,472.5169,8573,,
2024/02/06,473.7445,474.7399,472.5,473.7664,7860,,
2024/02/07,473.8567,476.6678,473.2,475.785,7417,,
2024/02/08,476.3834,477.2505,475.8597,475.8749,8611,,
2024/02/09,476.5602,477.9031,476.2547,476.6423,6800,,
2024/02/12,477.8743,480.5184,477.7208,480.5184,9359,,
2024/02/13,479.1131,479.3378,474.0003,475.7237,10510,,
2024/02/14,476.1757,478.0834,475.7501,476.6072,5394,,
2024/02/15,479.8564,480.3941,478,479.0562,6116,,
2024/02/16,481.7319,483,479.4903,480.9863,10541,,
2024/02/19,479.0353,480.7014,478.8,479.9935,7174,,
2024/02/20,478.8878,478.9721,474.7001,475.3209,7093,,
2024/02/21,475.4328,475.8205,474.2384,474.7711,6265,,
2024/02/22,479.4276,482.9613,478.656,482.9613,8466,,
2024/02/23,483.9615,486.1793,483.2839,484.6089,5681,,
2024/02/26,483.6473,484.1438,482.5987,482.8938,6706,,
2024/02/27,482.245,484,481.1216,482.1986,4527,,
2024/02/28,483.1884,483.5067,481.5,482.4999,5386,,
2024/02/29,482.2549,484.74,480.9003,483.5575,9380,,
2024/03/01,486.5304,487.7454,485.0137,487.1042,7274,,
2024/03/04,487.5006,488.2741,486.2157,486.9659,10911,,
2024/03/05,486.4923,486.8883,482.9105,483.5577,7955,,
2024/03/06,483.9988,486.1777,483.7852,485.0873,6507,,
2024/03/07,483.6194,488.3764,482.8112,487.1588,6943,,
2024/03/08,488.4105,490,487,487.3531,7534,,
2024/03/11,483.911,484.43,482.3218,484.2152,11012,,
2024/03/12,486.249,489.6402,484.5,488.2262,4675,,
2024/03/13,489.3158,489.5589,488.0984,488.3668,7035,,
2024/03/14,489.816,490.5112,487.2963,488.4849,9640,,
2024/03/15,488.9003,490.18,485.4922,485.4922,5192,,
2024/03/18,487.647,490.192,486.7087,489.8,6507,,
2024/03/19,489.4988,490.8192,487.8785,490.8192,4538,,
2024/03/20,491.3367,493.0076,491.1114,491.8635,4725,,
2024/03/21,496.3877,499.2905,495.0674,498.9136,4719,,
2024/03/22,499.0595,500.3191,498.2038,498.7596,5724,,
2024/03/25,498.2552,498.7606,496.0529,497.0529,11636,,
2024/03/26,497.4084,498.7139,496.9889,498.2656,4734,,
2024/03/27,497.9708,499.4873,497.1237,497.8262,7997,,
2024/03/28,500.766,501.8414,500.303,501,7739,,
2024/04/02,502.6001,504.045,495.849,496.867,14091,,
2024/04/03,497.3938,497.9555,495.624,497.3724,9438,,
2024/04/04,497.1917,498.7578,496.5845,497.8132,5732,,
2024/04/05,491.539,495.1671,491.0101,494.2197,17197,,
2024/04/08,494.5956,496.6857,494.0011,495.4015,11969,,
2024/04/09,495.2484,495.9177,491.2887,492.4719,7630,,
2024/04/10,496.1149,497.8499,491.2755,494.9695,3849,,
2024/04/11,495.9079,496.9687,493.3,495.5031,4126,,
2024/04/12,500.8676,501.5277,497.2935,498.1353,4304,,
2024/04/15,497.8518,500.2462,495.8465,496.9299,4419,,
2024/04/16,489.776,490.9914,487.48,489.204,10433,,
2024/04/17,488.2425,490.8086,486.3672,486.3672,4261,,
2024/04/18,486.5182,488.2106,484.6494,487.5724,4518,,
2024/04/19,482.4983,484.9999,481.6159,483.1471,6380,,
2024/04/22,484.0448,485.7825,483,483.892,4587,,
2024/04/23,487.0835,490.0024,485.1272,489.2649,5088,,
2024/04/24,491.7515,492.1985,488.6323,489.5705,4567,,
2024/04/25,486.7394,488.1597,481.9824,483.5025,6569,,
2024/04/26,489.7594,493.5,488.4501,492.3669,4380,,
2024/04/29,493.1523,494.49,492.1051,492.1051,6605,,
2024/04/30,493.4081,493.5857,490.42,490.9035,4230,,
2024/05/02,487.3477,489.7184,486.2447,486.3,13989,,
2024/05/03,489.5583,492.7893,488.8606,491.225,5474,,
2024/05/06,493.4032,495.1053,492.7001,494.7933,5142,,
2024/05/07,497.5665,498.6363,496.8915,498.4308,4984,,
2024/05/08,498.9301,499.497,496.65,498.4542,3040,,
2024/05/09,498.4939,499.5,497.633,499.4,1407,,
2024/05/10,501.2901,502.4827,500.8079,501.0935,4092,,
2024/05/13,501.7261,501.9255,500.2681,500.3509,5522,,
2024/05/14,500.6521,501.2605,499.1,500.0331,4896,,
2024/05/15,501.666,503.85,501,503.5503,3231,,
2024/05/16,505.5986,506,505.0001,505.8571,2958,,
2024/05/17,504.4814,505.432,503.7,504.1501,2822,,
2024/05/20,505.2438,507,505,507,3512,,
2024/05/21,505.4357,506.164,504.4511,505.9596,4780,,
2024/05/22,505.8662,507,505.51,506.124,3332,,
2024/05/23,508.098,509,504.8,506.2308,6080,,
2024/05/24,502.8536,505,502.0463,504.4655,5597,,
2024/05/27,504.6684,505.6213,504.0201,505.6213,4298,,
2024/05/28,505.1888,505.63,503.2896,503.4441,6540,,
2024/05/29,502.5954,502.9989,500.02,501.66,6505,,
2024/05/30,500.0896,500.998,499.1,500.1843,5545,,
2024/05/31,499.7136,503.6108,496.695,497.0021,6534,,
2024/06/03,504.2678,504.9842,500.3735,500.5494,7581,,
2024/06/04,500.3708,501.7266,498.3096,499.6329,4949,,
2024/06/05,502.6449,505.7873,502.0322,505.3656,3416,,
2024/06/06,507.5622,508.3,506.4571,507.3838,3960,,
2024/06/07,507.8141,510.8853,505.7695,510.0819,6715,,
2024/06/10,510.1146,512.1354,508.9548,512.1354,6326,,
2024/06/11,511.7711,511.895,509.4258,511.341,4931,,
2024/06/12,512.9,516.76,512.2872,513.9817,5335,,
2024/06/13,514.6694,515.49,512.7208,514.052,5898,,
2024/06/14,516.4103,516.9666,513.2578,515.5385,7330,,
2024/06/17,516.5971,516.935,514.0673,515.3078,11740,,
2024/06/18,518.2908,519.0162,517.3901,518.3372,6410,,
2024/06/19,519.7758,519.9999,518.4864,519.1286,3585,,
2024/06/20,520.7694,522.4999,520.1942,521.315,6022,,
2024/06/21,519.7479,521.2999,518,519.2779,6108,,
2024/06/24,519.0244,520.5035,517.4728,520.1493,9043,,
2024/06/25,518.3065,520.2887,517.5133,519.9012,6369,,
2024/06/26,521.8472,523.0537,519.5,519.9765,7744,,
2024/06/27,520.5159,521.2857,519.5,519.673,5522,,
2024/06/28,522.5952,524.079,521.0052,521.6237,5144,,
2024/07/01,519.0715,520.9579,516.9459,518.6427,9914,,
2024/07/02,518.1462,520,516.629,519.461,8112,,
2024/07/03,521.3475,522.2841,520.0684,521.0923,5332,,
2024/07/04,522.8851,523.8476,522.03,522.2717,4974,,
2024/07/05,522.8485,524,521.0364,522.518,5963,,
2024/07/08,522.7196,524.4916,522.3105,523.4337,6734,,
2024/07/09,524.3849,525.4045,523.5024,524.0609,6103,,
2024/07/10,524.2664,526.2675,524.0113,526.2675,4700,,
2024/07/11,528.6373,529.1,525.4377,525.4377,5402,,
2024/07/12,525.7364,528.1977,523.99,527.9525,5837,,
2024/07/15,527.8946,528.9643,526.46,527.9856,8396,,
2024/07/16,526.9389,529.8671,525.4783,528.6555,5308,,
2024/07/17,527.2595,527.5739,522.5,523.137,6484,,
2024/07/18,524.0886,525.8521,520,520,5544,,
2024/07/19,519.9967,520.3668,516.6074,517.1353,5823,,
2024/07/22,518.1438,521.6525,517.5004,519.2745,6151,,
2024/07/23,520.8518,524.259,519.8613,524.1567,8103,,
2024/07/24,519.0429,521.5764,514.2829,515.057,6536,,
2024/07/25,512.176,513.1771,508,512.4387,8507,,
2024/07/26,511.3311,515,510.7001,513.2952,6528,,
2024/07/29,516.7939,518.9858,514.3533,514.4264,4839,,
2024/07/30,516.0898,518.6894,514.4,514.7399,4278,,
2024/07/31,519.4618,522.5437,518.5446,522.5437,6511,,
2024/08/01,523,525,517.216,517.216,7962,,
2024/08/02,509.5011,510.0821,495.0001,496.6101,12875,,
2024/08/05,484.0752,488,473.2225,485.4674,28482,,
2024/08/06,489.5742,492.1711,484.6632,489.7593,14297,,
2024/08/07,492.4064,498.6034,491.5,496.7696,9399,,
2024/08/08,487.4929,497.4228,485.5,496.4933,8520,,
2024/08/09,497.6317,500.9877,496.4,498.7512,5045,,
2024/08/12,500.6117,501.859,498.4,499.4729,5961,,
2024/08/13,502.0632,504.65,500.2,504.4794,4535,,
2024/08/14,505.6677,505.8166,501.6852,505.6992,4532,,
2024/08/15,507.4965,514.8775,506.4605,514.4654,4272,,
2024/08/16,517.0264,517.4099,513.1616,515.178,3299,,
2024/08/19,514.5553,516.6954,513.95,516.5307,4027,,
2024/08/20,518.2244,519.0775,514.9833,515.3331,4217,,
2024/08/21,515.7638,518.2706,515.1421,515.8782,2627,,
2024/08/22,516.8624,519.6998,516.2034,516.9308,4757,,
2024/08/23,516.0431,518.6908,514.9,516.9622,3830,,
2024/08/26,517.1574,519.8032,516.3871,516.7673,6449,,
2024/08/27,517.4541,518.0317,515.5,516.891,3412,,
2024/08/28,518.7964,520.3942,516.891,516.9531,6139,,
2024/08/29,517.4682,523.9592,517.4682,523.0382,3935,,
2024/08/30,521.4308,523.7556,521.0153,521.0153,8478,,
2024/09/02,523.5561,524.6874,522.0422,524.2014,5223,,
2024/09/03,524.8253,525.1849,517.1996,519.0213,6293,,
2024/09/04,511.6883,515.0361,511.1001,512.7256,6809,,
2024/09/05,511.3744,514.11,509.219,509.4581,7403,,
2024/09/06,507.5991,511.6952,501.78,502.5419,7663,,
2024/09/09,506.091,509.9956,505.4516,508.6728,6767,,
2024/09/10,508.0874,511.0796,508.0821,509.5445,4011,,
2024/09/11,509.4522,512.2524,505,507.1432,3391,,
2024/09/12,518.1468,518.6547,514.1556,516.6148,3036,,
2024/09/13,518.3013,520.5,517.6328,520.3691,3884,,
2024/09/16,518.7143,519.6541,516.6961,518.1,4558,,
2024/09/17,519.8416,522.4532,519.3492,521.1305,3927,,
2024/09/18,520.1583,520.3801,517.8979,518.6319,2807,,
2024/09/19,523.2235,526.9999,522.0007,525.7596,5091,,
2024/09/20,524.0127,524.8611,521.3667,522.5788,4776,,
2024/09/23,523.7148,526.7304,523.5,526.0325,4512,,
2024/09/24,527.8816,528,523.7033,525.8091,4790,,
2024/09/25,523.3787,526.1288,523.1843,526.1288,4632,,
2024/09/26,530,531.8838,527.2878,527.2878,6301,,
2024/09/27,529.427,530,528.1,529.3312,6123,,
2024/09/30,527.9156,529,525.1,528.0172,7096,,
2024/10/01,530.7383,533.3298,527,529.18,7001,,
2024/10/02,529.0556,531.2226,527.2,531.2226,7186,,
2024/10/03,529.8002,530.9999,527.5,529.8676,5485,,
2024/10/04,529.1741,536.6757,528.8149,533.2826,8301,,
2024/10/07,535.4869,535.8758,533,534.8238,7565,,
2024/10/08,529.9661,534.8515,529.7946,534.6273,6450,,
2024/10/09,534.2672,538.356,533.6668,537.9098,27643,,
2024/10/10,539.3755,539.7348,537,539.4319,4087,,
2024/10/11,538.5284,541.9999,537.1637,541.4578,6537,,
2024/10/14,542.3625,546.55,541.8509,545.7426,6057,,
2024/10/15,547.7581,548.0019,543.2449,544.1517,7733,,
2024/10/16,543.2162,544.8842,542.3901,544.1865,4159,,
2024/10/17,547.1203,551.8132,546.5022,549.2599,6534,,
2024/10/18,548.0766,549.2599,546.96,548.2901,4049,,
2024/10/21,548.6108,549.4864,546.1647,546.5499,6752,,
2024/10/22,547.313,547.5222,544.8,547.092,4931,,
2024/10/23,548.4275,549.4054,544.8267,545.0689,6652,,
2024/10/24,546.2418,547.5345,544.1936,544.4286,6119,,
2024/10/25,544.2477,547.3825,543.6217,546.2999,5173,,
2024/10/28,546.9486,547.4612,544.55,545.957,6788,,
2024/10/29,546.716,547.2652,545.28,546.4709,5890,,
2024/10/30,546.388,546.6615,542.731,543.6517,7087,,
2024/10/31,538.3262,538.6825,533.28,534.4171,9573,,
2024/11/01,533.8484,539.2009,533.6697,538.4003,6714,,
2024/11/04,534.8421,535.615,532.4228,533.8,10684,,
2024/11/05,534.0886,537.0406,533.1437,536.46,6053,,
2024/11/06,553.6661,558.1877,551.0789,553.0086,13391,,
2024/11/07,555.1841,556.9466,554.3594,556.5263,7956,,
2024/11/08,558.5978,560.5193,555.4129,560.5193,8210,,
2024/11/11,564.4743,567.6705,564.3729,566.6094,12601,,
2024/11/12,565.6442,566.8338,564.217,564.7814,7577,,
2024/11/13,563.3022,566.6852,561.6002,566.6852,9622,,
2024/11/14,566.8637,570.3124,565.1131,566.3443,12120,,
2024/11/15,561.939,562.564,558.6559,559.3517,8020,,
2024/11/18,559.1592,560.7981,557.0089,560.708,8190,,
2024/11/19,560.8301,561.1058,553.75,560.0883,9859,,
2024/11/20,562.583,563.7528,559,560.6566,9209,,
2024/11/21,562.6659,568.0811,561,568.0811,8248,,
2024/11/22,569.0759,575.7766,569,574.3263,8363,,
2024/11/25,575.5881,575.8494,572.12,573.3783,9037,,
2024/11/26,572.0306,574.2937,570.2992,573.9454,8322,,
2024/11/27,573.3834,573.5487,568.2001,569.0729,8980,,
2024/11/28,572.1007,572.4701,570.8,571.9232,5755,,
2024/11/29,571.0005,574.032,570.5015,574.0116,7490,,
2024/12/02,575.7707,579.3316,575.0328,578.8052,12671,,
2024/12/03,579.0297,579.3007,577.2113,578.4058,12354,,
2024/12/04,579.6944,582.7323,579.2689,580.2022,8426,,
2024/12/05,580.5882,581.8317,578.6504,579.6776,7897,,
